Full NRIC,Interaction Details,Meeting Date,Name of Agency/POC Staff,Email of Agency/POC Staff,Brief notes of meeting
S8479933T,Virtual meeting with Natalie Goh,2024-07-22,"Lakshmi Kumar / Ministry of Culture, Community and Youth (MCCY)",lakshmi.kumar@gov.sg,Discussed interfaith dialogue initiatives. Referred to partner agency.
S8225169B,Workshop with Rachel Zhang,2025-05-01,Kenneth Teo / People's Association (PA),kenneth.teo@gov.sg,Discussed community service initiatives. Action items noted.
S9333031Z,Virtual meeting with Sarah Rashid,2024-12-04,Brandon Lee / People's Association (PA),brandon.lee@gov.sg,Discussed arts & culture initiatives. Referred to partner agency.
S6804364Y,Workshop with Muhammad Chen,2026-10-25,"Brandon Lee / Ministry of Culture, Community and Youth (MCCY)",brandon.lee@gov.sg,Discussed climate action initiatives. Action items noted.
S1418447Q,Virtual meeting with Natalie Chua,2026-06-11,"Lakshmi Kumar / Ministry of Culture, Community and Youth (MCCY)",lakshmi.kumar@gov.sg,Discussed racial harmony initiatives. Positive engagement.
S3005603K,Email exchange with Ravi Tan,2025-09-18,Rachel Wong / Ministry of Social and Family Development (MSF),rachel.wong@gov.sg,Discussed innovation & technology initiatives. Referred to partner agency.
S9834086Z,Virtual meeting with Marcus Ong,2023-04-02,Jason Ong / National Youth Council (NYC),jason.ong@gov.sg,Discussed climate action initiatives. Positive engagement.
S5542586A,Workshop with Hui Min Teo,2024-02-15,Wei Ming Koh / National Youth Council (NYC),wei.ming.koh@gov.sg,Discussed interfaith dialogue initiatives. Follow-up scheduled.
T7766521W,Email exchange with Michelle Ibrahim,2026-11-25,Kenneth Teo / Ministry of Social and Family Development (MSF),kenneth.teo@gov.sg,Discussed social entrepreneurship initiatives. Referred to partner agency.
T9391617E,Phone call with Ahmad Abdullah,2024-04-11,Rachel Wong / People's Association (PA),rachel.wong@gov.sg,Discussed digital literacy initiatives. Referred to partner agency.
S2315266T,Phone call with Siti Chen,2025-08-28,Farah Abdullah / Ministry of Education (MOE),farah.abdullah@gov.sg,Discussed social entrepreneurship initiatives. Referred to partner agency.
S1685270Q,In-person meeting with Daniel Liu,2024-05-07,Sarah Tan / Ministry of Education (MOE),sarah.tan@gov.sg,Discussed innovation & technology initiatives. Follow-up scheduled.
S7360550Y,Virtual meeting with Rachel Ong,2023-04-02,Ahmad Ibrahim / Ministry of Social and Family Development (MSF),ahmad.ibrahim@gov.sg,Discussed civic participation initiatives. Positive engagement.
S1055861A,Phone call with Wei Jie Chua,2025-08-02,Sarah Tan / People's Association (PA),sarah.tan@gov.sg,Discussed civic participation initiatives. Positive engagement.
S5214134M,In-person meeting with Priya Kumar,2025-01-04,Priya Nair / Ministry of Education (MOE),priya.nair@gov.sg,Discussed community service initiatives. Positive engagement.
S3893891Q,Virtual meeting with Jasmine Lee,2024-12-28,"Sarah Tan / Ministry of Culture, Community and Youth (MCCY)",sarah.tan@gov.sg,Discussed volunteerism initiatives. Referred to partner agency.
S3957893H,Virtual meeting with Chloe Zhang,2025-12-28,Priya Nair / Ministry of Social and Family Development (MSF),priya.nair@gov.sg,Discussed sports & wellness initiatives. Action items noted.
S6783928K,Phone call with Ethan Wong,2026-07-19,Wei Ming Koh / Ministry of Education (MOE),wei.ming.koh@gov.sg,Discussed climate action initiatives. Action items noted.
T0228478W,Workshop with Yi Xuan Koh,2023-11-01,Hafiz Rashid / Ministry of Education (MOE),hafiz.rashid@gov.sg,Discussed social entrepreneurship initiatives. Action items noted.
S4246085K,Workshop with Wei Jie Ng,2024-02-05,Lakshmi Kumar / National Youth Council (NYC),lakshmi.kumar@gov.sg,Discussed innovation & technology initiatives. Follow-up scheduled.
T0563437G,In-person meeting with Brandon Tan,2025-04-10,Lakshmi Kumar / People's Association (PA),lakshmi.kumar@gov.sg,Discussed sustainability initiatives. Follow-up scheduled.
S5646114F,Phone call with Hui Min Kumar,2026-10-21,Priya Nair / Ministry of Social and Family Development (MSF),priya.nair@gov.sg,Discussed digital literacy initiatives. Action items noted.
S2068050F,Virtual meeting with Emily Lim,2026-06-14,"Priya Nair / Ministry of Culture, Community and Youth (MCCY)",priya.nair@gov.sg,Discussed digital literacy initiatives. Positive engagement.
S1544399U,Workshop with Ethan Nair,2024-01-04,"Michelle Goh / Ministry of Culture, Community and Youth (MCCY)",michelle.goh@gov.sg,Discussed sports & wellness initiatives. Follow-up scheduled.
T7973227B,Phone call with Rachel Ng,2025-06-16,"Rachel Wong / Ministry of Culture, Community and Youth (MCCY)",rachel.wong@gov.sg,Discussed climate action initiatives. Action items noted.
T9937694R,Workshop with Arjun Liu,2024-09-02,Jason Ong / Ministry of Social and Family Development (MSF),jason.ong@gov.sg,Discussed community service initiatives. Action items noted.
S6801322R,In-person meeting with Hui Min Teo,2026-09-12,Jason Ong / People's Association (PA),jason.ong@gov.sg,Discussed sports & wellness initiatives. Action items noted.
S0251270U,Virtual meeting with Muhammad Nair,2023-05-03,Wei Ming Koh / Ministry of Education (MOE),wei.ming.koh@gov.sg,Discussed social entrepreneurship initiatives. Positive engagement.
S5747180K,In-person meeting with Ahmad Kumar,2025-03-27,Sarah Tan / People's Association (PA),sarah.tan@gov.sg,Discussed volunteerism initiatives. Action items noted.
T7356644C,Workshop with Natalie Tan,2025-12-20,"Anita Singh / Ministry of Culture, Community and Youth (MCCY)",anita.singh@gov.sg,Discussed youth mental health initiatives. Positive engagement.
S8408703U,Workshop with Grace Liu,2026-08-17,Brandon Lee / Ministry of Education (MOE),brandon.lee@gov.sg,Discussed arts & culture initiatives. Positive engagement.
S8186762E,Workshop with Wei Jie Wang,2025-11-26,Wei Ming Koh / People's Association (PA),wei.ming.koh@gov.sg,Discussed heritage conservation initiatives. Positive engagement.
T0176332Q,Email exchange with Joshua Goh,2023-02-23,Priya Nair / People's Association (PA),priya.nair@gov.sg,Discussed volunteerism initiatives. Referred to partner agency.
S8021911T,Virtual meeting with Rachel Rashid,2023-01-03,Michelle Goh / National Youth Council (NYC),michelle.goh@gov.sg,Discussed sustainability initiatives. Action items noted.
S3005120K,Email exchange with Sarah Wang,2023-11-22,"Sarah Tan / Ministry of Culture, Community and Youth (MCCY)",sarah.tan@gov.sg,Discussed interfaith dialogue initiatives. Referred to partner agency.
S1464695K,In-person meeting with Ananya Zhang,2026-09-18,Hafiz Rashid / Ministry of Education (MOE),hafiz.rashid@gov.sg,Discussed youth mental health initiatives. Action items noted.
S8921016G,Email exchange with Ethan Singh,2026-02-18,"Sarah Tan / Ministry of Culture, Community and Youth (MCCY)",sarah.tan@gov.sg,Discussed sustainability initiatives. Referred to partner agency.
S9765144M,In-person meeting with Muhammad Koh,2024-07-09,Siti Aminah / People's Association (PA),siti.aminah@gov.sg,Discussed community service initiatives. Action items noted.
S4568682J,Email exchange with Joshua Ong,2024-07-20,Jason Ong / Ministry of Social and Family Development (MSF),jason.ong@gov.sg,Discussed volunteerism initiatives. Action items noted.
S1816362G,Email exchange with Wei Jie Abdullah,2025-02-26,Kenneth Teo / People's Association (PA),kenneth.teo@gov.sg,Discussed social entrepreneurship initiatives. Referred to partner agency.
S4648265M,In-person meeting with Wei Jie Rashid,2026-08-28,Wei Ming Koh / Ministry of Education (MOE),wei.ming.koh@gov.sg,Discussed civic participation initiatives. Action items noted.
S9480472L,Workshop with Nurul Wang,2025-04-21,Rachel Wong / National Youth Council (NYC),rachel.wong@gov.sg,Discussed interfaith dialogue initiatives. Referred to partner agency.
T4313801P,Virtual meeting with Ryan Tan,2024-02-05,Farah Abdullah / Ministry of Education (MOE),farah.abdullah@gov.sg,Discussed interfaith dialogue initiatives. Positive engagement.
T4721110R,In-person meeting with Joshua Ong,2023-12-22,Ahmad Ibrahim / Ministry of Education (MOE),ahmad.ibrahim@gov.sg,Discussed arts & culture initiatives. Referred to partner agency.
S6983368S,In-person meeting with Chloe Goh,2025-06-08,David Lim / People's Association (PA),david.lim@gov.sg,Discussed civic participation initiatives. Follow-up scheduled.
S8520611J,Workshop with Kai Wen Ong,2023-12-09,Siti Aminah / National Youth Council (NYC),siti.aminah@gov.sg,Discussed digital literacy initiatives. Follow-up scheduled.
S0940031Y,Email exchange with Yi Xuan Ibrahim,2026-09-13,"Priya Nair / Ministry of Culture, Community and Youth (MCCY)",priya.nair@gov.sg,Discussed sustainability initiatives. Referred to partner agency.
S2870458N,In-person meeting with Daniel Rashid,2026-06-07,Siti Aminah / People's Association (PA),siti.aminah@gov.sg,Discussed community service initiatives. Follow-up scheduled.
T3947639M,Virtual meeting with Ryan Wang,2023-03-04,Wei Ming Koh / Ministry of Social and Family Development (MSF),wei.ming.koh@gov.sg,Discussed community service initiatives. Follow-up scheduled.
S1023296D,Virtual meeting with Ryan Wong,2023-06-14,Jason Ong / People's Association (PA),jason.ong@gov.sg,Discussed community service initiatives. Positive engagement.
S8255353K,Workshop with Kai Wen Chen,2025-10-08,Hafiz Rashid / National Youth Council (NYC),hafiz.rashid@gov.sg,Discussed interfaith dialogue initiatives. Follow-up scheduled.
S2220724F,Phone call with Brandon Lee,2023-04-27,Michelle Goh / People's Association (PA),michelle.goh@gov.sg,Discussed community service initiatives. Positive engagement.
S7278498L,In-person meeting with Chloe Ibrahim,2025-06-21,Siti Aminah / Ministry of Education (MOE),siti.aminah@gov.sg,Discussed community service initiatives. Action items noted.
S7643307S,Phone call with Wei Jie Nair,2024-06-17,Priya Nair / People's Association (PA),priya.nair@gov.sg,Discussed digital literacy initiatives. Referred to partner agency.
S3981762C,Phone call with Jun Wei Ong,2026-12-07,Ahmad Ibrahim / Ministry of Education (MOE),ahmad.ibrahim@gov.sg,Discussed youth mental health initiatives. Action items noted.
S2464474B,In-person meeting with Kai Wen Tan,2026-09-20,Rachel Wong / National Youth Council (NYC),rachel.wong@gov.sg,Discussed sports & wellness initiatives. Referred to partner agency.
S3700338G,Phone call with Ryan Lee,2026-07-07,Farah Abdullah / National Youth Council (NYC),farah.abdullah@gov.sg,Discussed youth mental health initiatives. Follow-up scheduled.
T8334406M,Email exchange with Xin Yi Goh,2026-05-27,Priya Nair / Ministry of Social and Family Development (MSF),priya.nair@gov.sg,Discussed arts & culture initiatives. Follow-up scheduled.
S9893881T,Phone call with Ananya Abdullah,2026-09-13,Rachel Wong / National Youth Council (NYC),rachel.wong@gov.sg,Discussed arts & culture initiatives. Referred to partner agency.
S0366020Y,Email exchange with Chloe Chen,2025-03-23,Kenneth Teo / People's Association (PA),kenneth.teo@gov.sg,Discussed sports & wellness initiatives. Referred to partner agency.
T6654509M,Virtual meeting with Ahmad Nair,2025-02-07,Lakshmi Kumar / National Youth Council (NYC),lakshmi.kumar@gov.sg,Discussed volunteerism initiatives. Follow-up scheduled.
S9267291S,Virtual meeting with Jun Wei Teo,2024-02-06,"Sarah Tan / Ministry of Culture, Community and Youth (MCCY)",sarah.tan@gov.sg,Discussed racial harmony initiatives. Action items noted.
S0279247E,Virtual meeting with Kai Wen Teo,2023-12-19,Sarah Tan / People's Association (PA),sarah.tan@gov.sg,Discussed heritage conservation initiatives. Follow-up scheduled.
S4052625C,In-person meeting with Hui Min Teo,2024-07-12,Ahmad Ibrahim / People's Association (PA),ahmad.ibrahim@gov.sg,Discussed interfaith dialogue initiatives. Action items noted.
S0080568Z,Virtual meeting with Zhi Hao Chua,2023-04-16,Sarah Tan / National Youth Council (NYC),sarah.tan@gov.sg,Discussed interfaith dialogue initiatives. Action items noted.
S2876027R,In-person meeting with Michelle Koh,2025-07-08,Sarah Tan / Ministry of Education (MOE),sarah.tan@gov.sg,Discussed social entrepreneurship initiatives. Referred to partner agency.
S5942133Q,Virtual meeting with Ravi Kumar,2024-03-10,Anita Singh / People's Association (PA),anita.singh@gov.sg,Discussed sports & wellness initiatives. Referred to partner agency.
T7258643E,Virtual meeting with Brandon Ong,2026-03-22,Ahmad Ibrahim / People's Association (PA),ahmad.ibrahim@gov.sg,Discussed innovation & technology initiatives. Referred to partner agency.
S6297938K,Phone call with Chloe Goh,2023-07-01,Lakshmi Kumar / Ministry of Social and Family Development (MSF),lakshmi.kumar@gov.sg,Discussed sports & wellness initiatives. Positive engagement.
T7058346Q,Virtual meeting with Xin Yi Lee,2026-01-09,Siti Aminah / National Youth Council (NYC),siti.aminah@gov.sg,Discussed digital literacy initiatives. Referred to partner agency.
S0749569Z,In-person meeting with Jun Wei Chen,2023-11-06,Priya Nair / National Youth Council (NYC),priya.nair@gov.sg,Discussed community service initiatives. Referred to partner agency.
S1851004L,Virtual meeting with Emily Zhang,2024-07-15,"Jason Ong / Ministry of Culture, Community and Youth (MCCY)",jason.ong@gov.sg,Discussed interfaith dialogue initiatives. Positive engagement.
S7621426J,Workshop with Ethan Lee,2025-05-24,Jason Ong / National Youth Council (NYC),jason.ong@gov.sg,Discussed youth mental health initiatives. Positive engagement.
T9615247F,Phone call with Jun Wei Kumar,2024-08-09,Farah Abdullah / People's Association (PA),farah.abdullah@gov.sg,Discussed volunteerism initiatives. Positive engagement.
S3190979F,In-person meeting with Yi Xuan Chua,2026-05-05,Lakshmi Kumar / People's Association (PA),lakshmi.kumar@gov.sg,Discussed racial harmony initiatives. Positive engagement.
T0412934R,Virtual meeting with Marcus Koh,2026-11-06,"Anita Singh / Ministry of Culture, Community and Youth (MCCY)",anita.singh@gov.sg,Discussed youth mental health initiatives. Action items noted.
S0541221J,In-person meeting with Yi Xuan Rashid,2023-03-09,Rachel Wong / Ministry of Social and Family Development (MSF),rachel.wong@gov.sg,Discussed arts & culture initiatives. Follow-up scheduled.
S3132960R,Phone call with Ananya Liu,2026-03-11,Brandon Lee / Ministry of Social and Family Development (MSF),brandon.lee@gov.sg,Discussed social entrepreneurship initiatives. Follow-up scheduled.
S3875656U,Phone call with Grace Koh,2023-08-17,"Priya Nair / Ministry of Culture, Community and Youth (MCCY)",priya.nair@gov.sg,Discussed community service initiatives. Positive engagement.
S9089257C,In-person meeting with Michelle Tan,2023-06-27,"Michelle Goh / Ministry of Culture, Community and Youth (MCCY)",michelle.goh@gov.sg,Discussed community service initiatives. Follow-up scheduled.
T9930891X,Workshop with Jasmine Goh,2025-04-19,"Farah Abdullah / Ministry of Culture, Community and Youth (MCCY)",farah.abdullah@gov.sg,Discussed arts & culture initiatives. Referred to partner agency.
S7864386W,Phone call with Marcus Rashid,2025-10-22,Siti Aminah / People's Association (PA),siti.aminah@gov.sg,Discussed sustainability initiatives. Action items noted.
S8113783E,Workshop with Kai Wen Nair,2025-03-24,Kenneth Teo / Ministry of Social and Family Development (MSF),kenneth.teo@gov.sg,Discussed community service initiatives. Positive engagement.
T3067205T,Virtual meeting with Siti Nair,2023-01-15,Rachel Wong / People's Association (PA),rachel.wong@gov.sg,Discussed digital literacy initiatives. Action items noted.
S8255408U,Virtual meeting with Ethan Chen,2025-06-28,David Lim / National Youth Council (NYC),david.lim@gov.sg,Discussed digital literacy initiatives. Follow-up scheduled.
S8250056C,Virtual meeting with Rachel Wang,2026-04-11,Brandon Lee / People's Association (PA),brandon.lee@gov.sg,Discussed interfaith dialogue initiatives. Action items noted.
S3096082G,Phone call with Sarah Liu,2026-03-17,Kenneth Teo / Ministry of Education (MOE),kenneth.teo@gov.sg,Discussed climate action initiatives. Positive engagement.
T9143327Z,Email exchange with Xin Yi Wong,2023-08-27,Hafiz Rashid / National Youth Council (NYC),hafiz.rashid@gov.sg,Discussed racial harmony initiatives. Positive engagement.
S7369023H,Virtual meeting with Ethan Rashid,2023-10-23,Hafiz Rashid / People's Association (PA),hafiz.rashid@gov.sg,Discussed innovation & technology initiatives. Positive engagement.
S3680360R,In-person meeting with Kai Wen Teo,2024-07-24,"Sarah Tan / Ministry of Culture, Community and Youth (MCCY)",sarah.tan@gov.sg,Discussed innovation & technology initiatives. Positive engagement.
S8672986J,Phone call with Jia Ying Rashid,2023-09-17,David Lim / Ministry of Social and Family Development (MSF),david.lim@gov.sg,Discussed racial harmony initiatives. Referred to partner agency.
S4782111X,Email exchange with Brandon Ong,2026-01-27,Siti Aminah / Ministry of Social and Family Development (MSF),siti.aminah@gov.sg,Discussed innovation & technology initiatives. Follow-up scheduled.
S8821306B,Virtual meeting with Brandon Lim,2026-04-06,Wei Ming Koh / Ministry of Social and Family Development (MSF),wei.ming.koh@gov.sg,Discussed sports & wellness initiatives. Action items noted.
S1300258Z,Phone call with Ravi Nair,2026-08-25,Michelle Goh / People's Association (PA),michelle.goh@gov.sg,Discussed civic participation initiatives. Action items noted.
S8874126P,Phone call with Natalie Tan,2024-03-04,Wei Ming Koh / Ministry of Education (MOE),wei.ming.koh@gov.sg,Discussed arts & culture initiatives. Follow-up scheduled.
S1790438D,Phone call with Jasmine Lim,2023-08-25,Sarah Tan / Ministry of Education (MOE),sarah.tan@gov.sg,Discussed civic participation initiatives. Referred to partner agency.
T0240130L,Phone call with Michelle Rashid,2023-08-23,"Sarah Tan / Ministry of Culture, Community and Youth (MCCY)",sarah.tan@gov.sg,Discussed community service initiatives. Positive engagement.
S0185623P,In-person meeting with Jasmine Ong,2025-01-11,"Farah Abdullah / Ministry of Culture, Community and Youth (MCCY)",farah.abdullah@gov.sg,Discussed innovation & technology initiatives. Follow-up scheduled.
T0703400Q,In-person meeting with Ananya Rashid,2024-11-21,Farah Abdullah / Ministry of Social and Family Development (MSF),farah.abdullah@gov.sg,Discussed innovation & technology initiatives. Referred to partner agency.
S8258851M,Email exchange with Ethan Chen,2024-05-04,"Michelle Goh / Ministry of Culture, Community and Youth (MCCY)",michelle.goh@gov.sg,Discussed community service initiatives. Action items noted.
S5104967C,In-person meeting with Priya Chua,2026-03-23,Rachel Wong / People's Association (PA),rachel.wong@gov.sg,Discussed civic participation initiatives. Positive engagement.
S7090566M,In-person meeting with Grace Kumar,2023-01-22,"Jason Ong / Ministry of Culture, Community and Youth (MCCY)",jason.ong@gov.sg,Discussed community service initiatives. Action items noted.
S5426158Y,In-person meeting with Hui Min Goh,2023-05-09,Sarah Tan / Ministry of Social and Family Development (MSF),sarah.tan@gov.sg,Discussed youth mental health initiatives. Action items noted.
T9336533F,Email exchange with Nurul Teo,2025-07-20,Lakshmi Kumar / People's Association (PA),lakshmi.kumar@gov.sg,Discussed digital literacy initiatives. Positive engagement.
S6386526B,Workshop with Zhi Hao Singh,2026-04-23,"Anita Singh / Ministry of Culture, Community and Youth (MCCY)",anita.singh@gov.sg,Discussed sports & wellness initiatives. Follow-up scheduled.
S0075558D,Email exchange with Muhammad Wang,2026-04-24,Rachel Wong / People's Association (PA),rachel.wong@gov.sg,Discussed digital literacy initiatives. Referred to partner agency.
S7707503W,In-person meeting with Ananya Koh,2024-10-04,"Kenneth Teo / Ministry of Culture, Community and Youth (MCCY)",kenneth.teo@gov.sg,Discussed innovation & technology initiatives. Referred to partner agency.
S6991074T,Virtual meeting with Kai Wen Singh,2026-09-23,"Michelle Goh / Ministry of Culture, Community and Youth (MCCY)",michelle.goh@gov.sg,Discussed sustainability initiatives. Positive engagement.
S7278300W,Virtual meeting with Kai Wen Chen,2026-05-08,Sarah Tan / Ministry of Social and Family Development (MSF),sarah.tan@gov.sg,Discussed heritage conservation initiatives. Positive engagement.
S5299728Z,In-person meeting with Joshua Abdullah,2026-12-21,"Farah Abdullah / Ministry of Culture, Community and Youth (MCCY)",farah.abdullah@gov.sg,Discussed digital literacy initiatives. Action items noted.
S6178258Y,Virtual meeting with Priya Koh,2026-12-19,Siti Aminah / National Youth Council (NYC),siti.aminah@gov.sg,Discussed digital literacy initiatives. Referred to partner agency.
T8116112L,In-person meeting with Ananya Wong,2023-01-20,Lakshmi Kumar / Ministry of Education (MOE),lakshmi.kumar@gov.sg,Discussed arts & culture initiatives. Positive engagement.
S8086758E,Virtual meeting with Daniel Liu,2023-06-04,"Wei Ming Koh / Ministry of Culture, Community and Youth (MCCY)",wei.ming.koh@gov.sg,Discussed civic participation initiatives. Positive engagement.
S7461680X,Virtual meeting with Xin Yi Liu,2023-10-04,Wei Ming Koh / Ministry of Education (MOE),wei.ming.koh@gov.sg,Discussed racial harmony initiatives. Positive engagement.
S8997958P,In-person meeting with Brandon Kumar,2026-03-19,Lakshmi Kumar / National Youth Council (NYC),lakshmi.kumar@gov.sg,Discussed climate action initiatives. Positive engagement.
S7510491C,Phone call with Ravi Kumar,2024-05-02,Sarah Tan / People's Association (PA),sarah.tan@gov.sg,Discussed youth mental health initiatives. Positive engagement.
S9482626C,Virtual meeting with Daniel Abdullah,2024-05-11,Jason Ong / Ministry of Education (MOE),jason.ong@gov.sg,Discussed volunteerism initiatives. Action items noted.
S6669890F,Workshop with Brandon Wong,2026-05-12,Rachel Wong / Ministry of Education (MOE),rachel.wong@gov.sg,Discussed community service initiatives. Positive engagement.
S8190448L,Phone call with Wei Jie Kumar,2025-12-07,Brandon Lee / Ministry of Social and Family Development (MSF),brandon.lee@gov.sg,Discussed youth mental health initiatives. Referred to partner agency.
S1261653M,Email exchange with Sarah Ng,2026-05-28,"Farah Abdullah / Ministry of Culture, Community and Youth (MCCY)",farah.abdullah@gov.sg,Discussed climate action initiatives. Follow-up scheduled.
T5494545G,Email exchange with Rachel Rashid,2023-02-14,Brandon Lee / National Youth Council (NYC),brandon.lee@gov.sg,Discussed digital literacy initiatives. Referred to partner agency.
T3390232K,Email exchange with Ethan Lee,2026-05-01,Michelle Goh / Ministry of Social and Family Development (MSF),michelle.goh@gov.sg,Discussed civic participation initiatives. Referred to partner agency.
S9229592Q,Workshop with Brandon Tan,2026-10-09,Ahmad Ibrahim / People's Association (PA),ahmad.ibrahim@gov.sg,Discussed community service initiatives. Action items noted.
S6542992Y,Virtual meeting with Yi Xuan Liu,2026-08-21,David Lim / Ministry of Social and Family Development (MSF),david.lim@gov.sg,Discussed digital literacy initiatives. Referred to partner agency.
S3603961Z,Email exchange with Xin Yi Kumar,2023-03-14,Brandon Lee / Ministry of Education (MOE),brandon.lee@gov.sg,Discussed racial harmony initiatives. Follow-up scheduled.
S5401308M,Phone call with Jun Wei Wong,2026-12-18,Rachel Wong / Ministry of Social and Family Development (MSF),rachel.wong@gov.sg,Discussed digital literacy initiatives. Action items noted.
T5430719F,Phone call with Ryan Goh,2026-09-28,Siti Aminah / National Youth Council (NYC),siti.aminah@gov.sg,Discussed sports & wellness initiatives. Follow-up scheduled.
S5182627Q,In-person meeting with Ahmad Goh,2025-10-03,David Lim / National Youth Council (NYC),david.lim@gov.sg,Discussed community service initiatives. Positive engagement.
S5455349C,Virtual meeting with Natalie Ng,2026-08-07,Jason Ong / Ministry of Education (MOE),jason.ong@gov.sg,Discussed community service initiatives. Positive engagement.
T1736911X,In-person meeting with Rachel Wong,2026-08-01,"Lakshmi Kumar / Ministry of Culture, Community and Youth (MCCY)",lakshmi.kumar@gov.sg,Discussed sustainability initiatives. Referred to partner agency.
T3288196B,In-person meeting with Ravi Tan,2025-05-01,Michelle Goh / People's Association (PA),michelle.goh@gov.sg,Discussed community service initiatives. Follow-up scheduled.
S6570727U,Phone call with Arjun Zhang,2026-06-25,Michelle Goh / People's Association (PA),michelle.goh@gov.sg,Discussed digital literacy initiatives. Positive engagement.
S8622965N,In-person meeting with Xin Yi Kumar,2025-12-18,David Lim / Ministry of Social and Family Development (MSF),david.lim@gov.sg,Discussed sustainability initiatives. Follow-up scheduled.
S7174825Y,Workshop with Wei Jie Lee,2023-04-02,Brandon Lee / People's Association (PA),brandon.lee@gov.sg,Discussed innovation & technology initiatives. Positive engagement.
S5764371W,In-person meeting with Jasmine Wang,2024-11-24,Kenneth Teo / National Youth Council (NYC),kenneth.teo@gov.sg,Discussed innovation & technology initiatives. Positive engagement.
T3757861G,Email exchange with Ryan Kumar,2026-02-23,Brandon Lee / National Youth Council (NYC),brandon.lee@gov.sg,Discussed social entrepreneurship initiatives. Follow-up scheduled.
S9867921B,Workshop with Emily Ng,2024-02-28,Priya Nair / People's Association (PA),priya.nair@gov.sg,Discussed climate action initiatives. Action items noted.
S5157016C,In-person meeting with Yi Xuan Zhang,2026-03-28,"Priya Nair / Ministry of Culture, Community and Youth (MCCY)",priya.nair@gov.sg,Discussed heritage conservation initiatives. Positive engagement.
T4525379Q,Virtual meeting with Wei Jie Ibrahim,2023-02-01,Anita Singh / Ministry of Education (MOE),anita.singh@gov.sg,Discussed civic participation initiatives. Positive engagement.
S8965161Q,Workshop with Wei Jie Singh,2025-02-27,"Priya Nair / Ministry of Culture, Community and Youth (MCCY)",priya.nair@gov.sg,Discussed sports & wellness initiatives. Follow-up scheduled.
S7475305G,Workshop with Brandon Ong,2023-01-20,Farah Abdullah / Ministry of Education (MOE),farah.abdullah@gov.sg,Discussed sustainability initiatives. Action items noted.
T8473932W,Virtual meeting with Ethan Ng,2024-01-19,"Siti Aminah / Ministry of Culture, Community and Youth (MCCY)",siti.aminah@gov.sg,Discussed civic participation initiatives. Positive engagement.
S9909320A,In-person meeting with Emily Ong,2023-03-04,Brandon Lee / National Youth Council (NYC),brandon.lee@gov.sg,Discussed digital literacy initiatives. Follow-up scheduled.
S0160292F,In-person meeting with Michelle Lee,2024-01-25,Lakshmi Kumar / Ministry of Social and Family Development (MSF),lakshmi.kumar@gov.sg,Discussed interfaith dialogue initiatives. Referred to partner agency.
T2137044Z,Workshop with Priya Lee,2026-01-02,Rachel Wong / People's Association (PA),rachel.wong@gov.sg,Discussed innovation & technology initiatives. Action items noted.
T0632317B,In-person meeting with Jun Wei Tan,2024-01-28,Ahmad Ibrahim / National Youth Council (NYC),ahmad.ibrahim@gov.sg,Discussed heritage conservation initiatives. Referred to partner agency.
T7677327W,Phone call with Brandon Koh,2023-08-20,"Michelle Goh / Ministry of Culture, Community and Youth (MCCY)",michelle.goh@gov.sg,Discussed social entrepreneurship initiatives. Positive engagement.
S1106844R,In-person meeting with Chloe Wong,2026-01-04,Siti Aminah / National Youth Council (NYC),siti.aminah@gov.sg,Discussed community service initiatives. Action items noted.
S7936411J,Phone call with Ethan Liu,2026-10-15,Brandon Lee / National Youth Council (NYC),brandon.lee@gov.sg,Discussed climate action initiatives. Action items noted.
S3819753F,Workshop with Marcus Singh,2026-08-22,Priya Nair / People's Association (PA),priya.nair@gov.sg,Discussed social entrepreneurship initiatives. Positive engagement.
S3471547W,Phone call with Ravi Koh,2023-03-08,Sarah Tan / People's Association (PA),sarah.tan@gov.sg,Discussed social entrepreneurship initiatives. Action items noted.
S7182046X,In-person meeting with Siti Wong,2026-09-21,Farah Abdullah / People's Association (PA),farah.abdullah@gov.sg,Discussed heritage conservation initiatives. Referred to partner agency.
S9867604G,Phone call with Marcus Ibrahim,2023-05-21,Lakshmi Kumar / People's Association (PA),lakshmi.kumar@gov.sg,Discussed heritage conservation initiatives. Referred to partner agency.
T3252410D,In-person meeting with Brandon Koh,2024-10-21,Jason Ong / Ministry of Education (MOE),jason.ong@gov.sg,Discussed volunteerism initiatives. Referred to partner agency.
S4864234L,In-person meeting with Chloe Chen,2023-06-07,Lakshmi Kumar / People's Association (PA),lakshmi.kumar@gov.sg,Discussed sports & wellness initiatives. Positive engagement.
S5392232X,Workshop with Emily Ong,2024-08-03,Lakshmi Kumar / People's Association (PA),lakshmi.kumar@gov.sg,Discussed heritage conservation initiatives. Follow-up scheduled.
T8283019G,Virtual meeting with Siti Liu,2026-08-08,Jason Ong / Ministry of Education (MOE),jason.ong@gov.sg,Discussed digital literacy initiatives. Referred to partner agency.
S7843677L,Workshop with Daniel Chen,2025-03-24,Kenneth Teo / Ministry of Social and Family Development (MSF),kenneth.teo@gov.sg,Discussed digital literacy initiatives. Positive engagement.
T9848092Y,In-person meeting with Michelle Liu,2025-09-11,David Lim / Ministry of Education (MOE),david.lim@gov.sg,Discussed arts & culture initiatives. Positive engagement.
S0510484Z,Virtual meeting with Brandon Singh,2024-12-24,Rachel Wong / Ministry of Social and Family Development (MSF),rachel.wong@gov.sg,Discussed innovation & technology initiatives. Positive engagement.
S1766733M,Phone call with Natalie Kumar,2026-01-11,Rachel Wong / People's Association (PA),rachel.wong@gov.sg,Discussed climate action initiatives. Action items noted.
S2542333F,Phone call with Marcus Goh,2024-01-12,"Priya Nair / Ministry of Culture, Community and Youth (MCCY)",priya.nair@gov.sg,Discussed civic participation initiatives. Positive engagement.
S4583494J,Virtual meeting with Nurul Lee,2026-10-14,Priya Nair / People's Association (PA),priya.nair@gov.sg,Discussed interfaith dialogue initiatives. Referred to partner agency.
T0921840A,Email exchange with Muhammad Chen,2023-05-02,Kenneth Teo / Ministry of Education (MOE),kenneth.teo@gov.sg,Discussed innovation & technology initiatives. Follow-up scheduled.
S6530754W,Virtual meeting with Natalie Koh,2025-12-23,"Sarah Tan / Ministry of Culture, Community and Youth (MCCY)",sarah.tan@gov.sg,Discussed volunteerism initiatives. Referred to partner agency.
T0420281C,In-person meeting with Rachel Wang,2026-03-24,"Rachel Wong / Ministry of Culture, Community and Youth (MCCY)",rachel.wong@gov.sg,Discussed innovation & technology initiatives. Positive engagement.
S5508169Q,Virtual meeting with Chloe Ng,2023-04-28,David Lim / People's Association (PA),david.lim@gov.sg,Discussed youth mental health initiatives. Follow-up scheduled.
S6703941S,Phone call with Jia Ying Nair,2023-04-08,"Anita Singh / Ministry of Culture, Community and Youth (MCCY)",anita.singh@gov.sg,Discussed volunteerism initiatives. Follow-up scheduled.
S9370610W,Workshop with Kai Wen Goh,2025-07-27,Anita Singh / People's Association (PA),anita.singh@gov.sg,Discussed social entrepreneurship initiatives. Action items noted.
T2857241X,In-person meeting with Siti Ibrahim,2025-05-11,Wei Ming Koh / Ministry of Social and Family Development (MSF),wei.ming.koh@gov.sg,Discussed climate action initiatives. Action items noted.
S5317218K,Virtual meeting with Ryan Liu,2023-09-08,Farah Abdullah / National Youth Council (NYC),farah.abdullah@gov.sg,Discussed sustainability initiatives. Follow-up scheduled.
T6642749E,Workshop with Natalie Wang,2023-05-02,Jason Ong / Ministry of Social and Family Development (MSF),jason.ong@gov.sg,Discussed sports & wellness initiatives. Referred to partner agency.
S8578606X,Phone call with Chloe Chen,2025-10-17,Wei Ming Koh / Ministry of Education (MOE),wei.ming.koh@gov.sg,Discussed community service initiatives. Positive engagement.
T4609067F,Workshop with Rachel Tan,2025-03-26,Lakshmi Kumar / Ministry of Social and Family Development (MSF),lakshmi.kumar@gov.sg,Discussed racial harmony initiatives. Action items noted.
S9316632Z,Phone call with Wei Jie Singh,2023-06-17,Jason Ong / Ministry of Social and Family Development (MSF),jason.ong@gov.sg,Discussed civic participation initiatives. Action items noted.
S9707665K,Virtual meeting with Marcus Ng,2023-11-05,Rachel Wong / People's Association (PA),rachel.wong@gov.sg,Discussed social entrepreneurship initiatives. Follow-up scheduled.
T4955929E,In-person meeting with Joshua Kumar,2023-07-24,"Michelle Goh / Ministry of Culture, Community and Youth (MCCY)",michelle.goh@gov.sg,Discussed heritage conservation initiatives. Positive engagement.
S6644584Z,Virtual meeting with Michelle Lim,2025-05-15,Ahmad Ibrahim / People's Association (PA),ahmad.ibrahim@gov.sg,Discussed interfaith dialogue initiatives. Positive engagement.
S2372311Z,Email exchange with Wei Jie Chua,2025-01-23,Brandon Lee / People's Association (PA),brandon.lee@gov.sg,Discussed sustainability initiatives. Positive engagement.
T2217720Q,In-person meeting with Marcus Abdullah,2023-08-12,"Ahmad Ibrahim / Ministry of Culture, Community and Youth (MCCY)",ahmad.ibrahim@gov.sg,Discussed innovation & technology initiatives. Action items noted.
S6486691B,In-person meeting with Jia Ying Wong,2025-02-23,Brandon Lee / People's Association (PA),brandon.lee@gov.sg,Discussed innovation & technology initiatives. Action items noted.
S1228898J,In-person meeting with Xin Yi Lee,2023-08-06,Brandon Lee / Ministry of Social and Family Development (MSF),brandon.lee@gov.sg,Discussed civic participation initiatives. Action items noted.
S6577076W,Phone call with Siti Ibrahim,2024-08-06,David Lim / Ministry of Education (MOE),david.lim@gov.sg,Discussed climate action initiatives. Action items noted.
S2961168L,Workshop with Muhammad Teo,2023-02-06,Siti Aminah / Ministry of Social and Family Development (MSF),siti.aminah@gov.sg,Discussed sustainability initiatives. Positive engagement.
S3227308T,Phone call with Chloe Liu,2025-10-04,Priya Nair / People's Association (PA),priya.nair@gov.sg,Discussed civic participation initiatives. Action items noted.
S5113955X,In-person meeting with Michelle Abdullah,2023-04-28,Jason Ong / People's Association (PA),jason.ong@gov.sg,Discussed arts & culture initiatives. Referred to partner agency.
S3380498E,Phone call with Kai Wen Abdullah,2025-10-24,Farah Abdullah / National Youth Council (NYC),farah.abdullah@gov.sg,Discussed sustainability initiatives. Positive engagement.
S3742044P,Email exchange with Rachel Wang,2024-08-20,"Wei Ming Koh / Ministry of Culture, Community and Youth (MCCY)",wei.ming.koh@gov.sg,Discussed heritage conservation initiatives. Action items noted.
T4514010H,Workshop with Ananya Goh,2024-07-28,Wei Ming Koh / Ministry of Social and Family Development (MSF),wei.ming.koh@gov.sg,Discussed interfaith dialogue initiatives. Action items noted.
S6483697X,In-person meeting with Natalie Singh,2024-11-01,Brandon Lee / People's Association (PA),brandon.lee@gov.sg,Discussed youth mental health initiatives. Action items noted.
S9033896C,In-person meeting with Jia Ying Singh,2023-06-10,Anita Singh / Ministry of Education (MOE),anita.singh@gov.sg,Discussed civic participation initiatives. Referred to partner agency.
S8617354P,Virtual meeting with Chloe Goh,2025-09-03,Jason Ong / Ministry of Social and Family Development (MSF),jason.ong@gov.sg,Discussed sports & wellness initiatives. Positive engagement.
S4774615Z,Workshop with Joshua Ong,2025-10-11,"Sarah Tan / Ministry of Culture, Community and Youth (MCCY)",sarah.tan@gov.sg,Discussed digital literacy initiatives. Referred to partner agency.
T1277555X,Email exchange with Brandon Ong,2026-10-17,Sarah Tan / Ministry of Education (MOE),sarah.tan@gov.sg,Discussed sports & wellness initiatives. Action items noted.
S6500759S,Virtual meeting with Chloe Tan,2025-12-22,Rachel Wong / Ministry of Education (MOE),rachel.wong@gov.sg,Discussed digital literacy initiatives. Action items noted.
S8667491L,Virtual meeting with Ravi Koh,2026-12-13,Jason Ong / National Youth Council (NYC),jason.ong@gov.sg,Discussed innovation & technology initiatives. Follow-up scheduled.
T9991205F,Phone call with Michelle Ong,2026-07-04,Kenneth Teo / Ministry of Social and Family Development (MSF),kenneth.teo@gov.sg,Discussed community service initiatives. Referred to partner agency.
T1219455U,In-person meeting with Chloe Goh,2026-05-17,Priya Nair / National Youth Council (NYC),priya.nair@gov.sg,Discussed sustainability initiatives. Referred to partner agency.
T5478684R,In-person meeting with Sarah Ng,2025-08-12,"Ahmad Ibrahim / Ministry of Culture, Community and Youth (MCCY)",ahmad.ibrahim@gov.sg,Discussed civic participation initiatives. Action items noted.
S0501277R,Virtual meeting with Ethan Wang,2024-08-06,Rachel Wong / National Youth Council (NYC),rachel.wong@gov.sg,Discussed youth mental health initiatives. Positive engagement.
S8479933T,Workshop with Natalie Goh,2024-11-28,Rachel Wong / Ministry of Social and Family Development (MSF),rachel.wong@gov.sg,Discussed racial harmony initiatives. Positive engagement.
S8225169B,In-person meeting with Rachel Zhang,2026-09-24,Kenneth Teo / People's Association (PA),kenneth.teo@gov.sg,Discussed innovation & technology initiatives. Referred to partner agency.
S9333031Z,Virtual meeting with Sarah Rashid,2024-05-17,Rachel Wong / Ministry of Education (MOE),rachel.wong@gov.sg,Discussed interfaith dialogue initiatives. Action items noted.
S6804364Y,Email exchange with Muhammad Chen,2024-02-11,Brandon Lee / Ministry of Education (MOE),brandon.lee@gov.sg,Discussed racial harmony initiatives. Action items noted.
S1418447Q,Email exchange with Natalie Chua,2024-01-18,Anita Singh / National Youth Council (NYC),anita.singh@gov.sg,Discussed youth mental health initiatives. Action items noted.
S3005603K,Phone call with Ravi Tan,2025-01-07,Anita Singh / National Youth Council (NYC),anita.singh@gov.sg,Discussed racial harmony initiatives. Action items noted.
S9834086Z,Workshop with Marcus Ong,2023-07-01,Ahmad Ibrahim / Ministry of Social and Family Development (MSF),ahmad.ibrahim@gov.sg,Discussed sustainability initiatives. Follow-up scheduled.
S5542586A,Virtual meeting with Hui Min Teo,2026-02-24,Ahmad Ibrahim / People's Association (PA),ahmad.ibrahim@gov.sg,Discussed civic participation initiatives. Positive engagement.
T7766521W,In-person meeting with Michelle Ibrahim,2023-06-18,Ahmad Ibrahim / People's Association (PA),ahmad.ibrahim@gov.sg,Discussed volunteerism initiatives. Referred to partner agency.
T9391617E,Virtual meeting with Ahmad Abdullah,2025-12-07,"Priya Nair / Ministry of Culture, Community and Youth (MCCY)",priya.nair@gov.sg,Discussed sustainability initiatives. Action items noted.
S2315266T,In-person meeting with Siti Chen,2024-12-09,"Ahmad Ibrahim / Ministry of Culture, Community and Youth (MCCY)",ahmad.ibrahim@gov.sg,Discussed volunteerism initiatives. Action items noted.
S1685270Q,Email exchange with Daniel Liu,2024-06-13,"Lakshmi Kumar / Ministry of Culture, Community and Youth (MCCY)",lakshmi.kumar@gov.sg,Discussed sports & wellness initiatives. Action items noted.
S7360550Y,Workshop with Rachel Ong,2025-09-25,Brandon Lee / Ministry of Education (MOE),brandon.lee@gov.sg,Discussed digital literacy initiatives. Positive engagement.
S1055861A,Virtual meeting with Wei Jie Chua,2023-08-23,Ahmad Ibrahim / People's Association (PA),ahmad.ibrahim@gov.sg,Discussed climate action initiatives. Follow-up scheduled.
S5214134M,Virtual meeting with Priya Kumar,2023-03-23,Rachel Wong / Ministry of Education (MOE),rachel.wong@gov.sg,Discussed youth mental health initiatives. Referred to partner agency.
S3893891Q,Virtual meeting with Jasmine Lee,2025-10-28,Siti Aminah / Ministry of Social and Family Development (MSF),siti.aminah@gov.sg,Discussed climate action initiatives. Action items noted.
S3957893H,Phone call with Chloe Zhang,2023-01-17,Rachel Wong / Ministry of Education (MOE),rachel.wong@gov.sg,Discussed heritage conservation initiatives. Action items noted.
S6783928K,Workshop with Ethan Wong,2023-06-06,Hafiz Rashid / Ministry of Social and Family Development (MSF),hafiz.rashid@gov.sg,Discussed racial harmony initiatives. Referred to partner agency.
T0228478W,Email exchange with Yi Xuan Koh,2024-10-02,"Hafiz Rashid / Ministry of Culture, Community and Youth (MCCY)",hafiz.rashid@gov.sg,Discussed digital literacy initiatives. Positive engagement.
S4246085K,Phone call with Wei Jie Ng,2026-12-12,Lakshmi Kumar / People's Association (PA),lakshmi.kumar@gov.sg,Discussed innovation & technology initiatives. Positive engagement.
T0563437G,Workshop with Brandon Tan,2023-05-11,"Hafiz Rashid / Ministry of Culture, Community and Youth (MCCY)",hafiz.rashid@gov.sg,Discussed innovation & technology initiatives. Referred to partner agency.
S5646114F,Email exchange with Hui Min Kumar,2025-09-19,David Lim / Ministry of Education (MOE),david.lim@gov.sg,Discussed community service initiatives. Positive engagement.
S2068050F,Email exchange with Emily Lim,2026-08-27,Farah Abdullah / Ministry of Social and Family Development (MSF),farah.abdullah@gov.sg,Discussed climate action initiatives. Referred to partner agency.
S1544399U,In-person meeting with Ethan Nair,2023-12-14,Lakshmi Kumar / Ministry of Education (MOE),lakshmi.kumar@gov.sg,Discussed innovation & technology initiatives. Referred to partner agency.
T7973227B,Workshop with Rachel Ng,2023-11-15,Anita Singh / Ministry of Education (MOE),anita.singh@gov.sg,Discussed arts & culture initiatives. Referred to partner agency.
T9937694R,Workshop with Arjun Liu,2024-10-01,Wei Ming Koh / Ministry of Social and Family Development (MSF),wei.ming.koh@gov.sg,Discussed climate action initiatives. Action items noted.
S6801322R,Email exchange with Hui Min Teo,2023-01-04,"Hafiz Rashid / Ministry of Culture, Community and Youth (MCCY)",hafiz.rashid@gov.sg,Discussed sustainability initiatives. Follow-up scheduled.
S0251270U,Email exchange with Muhammad Nair,2025-03-16,Jason Ong / National Youth Council (NYC),jason.ong@gov.sg,Discussed innovation & technology initiatives. Referred to partner agency.
S5747180K,Workshop with Ahmad Kumar,2023-05-02,"Brandon Lee / Ministry of Culture, Community and Youth (MCCY)",brandon.lee@gov.sg,Discussed volunteerism initiatives. Positive engagement.
T7356644C,Email exchange with Natalie Tan,2023-08-25,Lakshmi Kumar / People's Association (PA),lakshmi.kumar@gov.sg,Discussed community service initiatives. Follow-up scheduled.
S8408703U,In-person meeting with Grace Liu,2023-10-01,Farah Abdullah / Ministry of Education (MOE),farah.abdullah@gov.sg,Discussed social entrepreneurship initiatives. Positive engagement.
S8186762E,In-person meeting with Wei Jie Wang,2023-07-11,"Farah Abdullah / Ministry of Culture, Community and Youth (MCCY)",farah.abdullah@gov.sg,Discussed volunteerism initiatives. Positive engagement.
T0176332Q,In-person meeting with Joshua Goh,2023-05-20,Jason Ong / People's Association (PA),jason.ong@gov.sg,Discussed racial harmony initiatives. Positive engagement.
S8021911T,In-person meeting with Rachel Rashid,2026-01-22,Wei Ming Koh / People's Association (PA),wei.ming.koh@gov.sg,Discussed community service initiatives. Referred to partner agency.
S3005120K,Workshop with Sarah Wang,2026-05-28,Farah Abdullah / People's Association (PA),farah.abdullah@gov.sg,Discussed interfaith dialogue initiatives. Follow-up scheduled.
S1464695K,In-person meeting with Ananya Zhang,2024-08-01,Lakshmi Kumar / Ministry of Social and Family Development (MSF),lakshmi.kumar@gov.sg,Discussed social entrepreneurship initiatives. Referred to partner agency.
S8921016G,Virtual meeting with Ethan Singh,2024-06-22,Priya Nair / Ministry of Education (MOE),priya.nair@gov.sg,Discussed interfaith dialogue initiatives. Referred to partner agency.
S9765144M,Email exchange with Muhammad Koh,2025-02-17,Kenneth Teo / Ministry of Education (MOE),kenneth.teo@gov.sg,Discussed digital literacy initiatives. Action items noted.
S4568682J,Workshop with Joshua Ong,2024-01-05,Rachel Wong / People's Association (PA),rachel.wong@gov.sg,Discussed sustainability initiatives. Referred to partner agency.
S1816362G,In-person meeting with Wei Jie Abdullah,2024-09-05,Farah Abdullah / Ministry of Social and Family Development (MSF),farah.abdullah@gov.sg,Discussed interfaith dialogue initiatives. Follow-up scheduled.
S4648265M,In-person meeting with Wei Jie Rashid,2025-01-04,"Kenneth Teo / Ministry of Culture, Community and Youth (MCCY)",kenneth.teo@gov.sg,Discussed sports & wellness initiatives. Action items noted.
S9480472L,Email exchange with Nurul Wang,2026-07-21,Kenneth Teo / People's Association (PA),kenneth.teo@gov.sg,Discussed innovation & technology initiatives. Positive engagement.
T4313801P,Workshop with Ryan Tan,2026-12-13,Farah Abdullah / Ministry of Social and Family Development (MSF),farah.abdullah@gov.sg,Discussed civic participation initiatives. Follow-up scheduled.
T4721110R,Workshop with Joshua Ong,2024-11-13,Hafiz Rashid / National Youth Council (NYC),hafiz.rashid@gov.sg,Discussed digital literacy initiatives. Follow-up scheduled.
S6983368S,Email exchange with Chloe Goh,2025-02-13,"Siti Aminah / Ministry of Culture, Community and Youth (MCCY)",siti.aminah@gov.sg,Discussed social entrepreneurship initiatives. Positive engagement.
S8520611J,Workshop with Kai Wen Ong,2025-08-25,David Lim / Ministry of Social and Family Development (MSF),david.lim@gov.sg,Discussed heritage conservation initiatives. Action items noted.
S0940031Y,Workshop with Yi Xuan Ibrahim,2025-04-10,Anita Singh / People's Association (PA),anita.singh@gov.sg,Discussed climate action initiatives. Action items noted.
S2870458N,In-person meeting with Daniel Rashid,2025-02-17,Hafiz Rashid / Ministry of Education (MOE),hafiz.rashid@gov.sg,Discussed sports & wellness initiatives. Positive engagement.
T3947639M,Workshop with Ryan Wang,2023-07-28,Priya Nair / Ministry of Social and Family Development (MSF),priya.nair@gov.sg,Discussed civic participation initiatives. Action items noted.
S1023296D,In-person meeting with Ryan Wong,2026-02-06,"Hafiz Rashid / Ministry of Culture, Community and Youth (MCCY)",hafiz.rashid@gov.sg,Discussed sports & wellness initiatives. Positive engagement.
S8255353K,In-person meeting with Kai Wen Chen,2023-11-16,Michelle Goh / People's Association (PA),michelle.goh@gov.sg,Discussed racial harmony initiatives. Positive engagement.
S2220724F,Email exchange with Brandon Lee,2023-02-18,Priya Nair / National Youth Council (NYC),priya.nair@gov.sg,Discussed social entrepreneurship initiatives. Referred to partner agency.
S7278498L,Workshop with Chloe Ibrahim,2023-01-27,David Lim / Ministry of Social and Family Development (MSF),david.lim@gov.sg,Discussed civic participation initiatives. Referred to partner agency.
S7643307S,Workshop with Wei Jie Nair,2026-04-11,Wei Ming Koh / Ministry of Education (MOE),wei.ming.koh@gov.sg,Discussed community service initiatives. Action items noted.
S3981762C,Virtual meeting with Jun Wei Ong,2026-01-18,Lakshmi Kumar / Ministry of Education (MOE),lakshmi.kumar@gov.sg,Discussed innovation & technology initiatives. Follow-up scheduled.
S2464474B,Workshop with Kai Wen Tan,2024-04-12,Sarah Tan / Ministry of Education (MOE),sarah.tan@gov.sg,Discussed racial harmony initiatives. Referred to partner agency.
S3700338G,In-person meeting with Ryan Lee,2025-05-09,Priya Nair / Ministry of Education (MOE),priya.nair@gov.sg,Discussed sports & wellness initiatives. Action items noted.
T8334406M,In-person meeting with Xin Yi Goh,2024-03-14,Brandon Lee / National Youth Council (NYC),brandon.lee@gov.sg,Discussed racial harmony initiatives. Referred to partner agency.
S9893881T,Phone call with Ananya Abdullah,2024-06-22,Anita Singh / National Youth Council (NYC),anita.singh@gov.sg,Discussed civic participation initiatives. Referred to partner agency.
S0366020Y,Workshop with Chloe Chen,2026-11-25,"Kenneth Teo / Ministry of Culture, Community and Youth (MCCY)",kenneth.teo@gov.sg,Discussed heritage conservation initiatives. Referred to partner agency.
T6654509M,In-person meeting with Ahmad Nair,2026-03-09,David Lim / Ministry of Education (MOE),david.lim@gov.sg,Discussed civic participation initiatives. Follow-up scheduled.
S9267291S,Email exchange with Jun Wei Teo,2025-04-12,Rachel Wong / People's Association (PA),rachel.wong@gov.sg,Discussed racial harmony initiatives. Referred to partner agency.
S0279247E,Workshop with Kai Wen Teo,2025-05-26,David Lim / National Youth Council (NYC),david.lim@gov.sg,Discussed racial harmony initiatives. Positive engagement.
S4052625C,Virtual meeting with Hui Min Teo,2025-11-01,"Sarah Tan / Ministry of Culture, Community and Youth (MCCY)",sarah.tan@gov.sg,Discussed civic participation initiatives. Follow-up scheduled.
S0080568Z,Virtual meeting with Zhi Hao Chua,2025-01-11,"Anita Singh / Ministry of Culture, Community and Youth (MCCY)",anita.singh@gov.sg,Discussed civic participation initiatives. Action items noted.
S2876027R,In-person meeting with Michelle Koh,2026-10-05,"Michelle Goh / Ministry of Culture, Community and Youth (MCCY)",michelle.goh@gov.sg,Discussed innovation & technology initiatives. Action items noted.
S5942133Q,Email exchange with Ravi Kumar,2025-01-21,Ahmad Ibrahim / National Youth Council (NYC),ahmad.ibrahim@gov.sg,Discussed volunteerism initiatives. Positive engagement.
T7258643E,Email exchange with Brandon Ong,2025-08-09,Wei Ming Koh / People's Association (PA),wei.ming.koh@gov.sg,Discussed climate action initiatives. Referred to partner agency.
S6297938K,Virtual meeting with Chloe Goh,2026-08-01,David Lim / National Youth Council (NYC),david.lim@gov.sg,Discussed racial harmony initiatives. Follow-up scheduled.
T7058346Q,In-person meeting with Xin Yi Lee,2026-06-07,Wei Ming Koh / Ministry of Education (MOE),wei.ming.koh@gov.sg,Discussed digital literacy initiatives. Action items noted.
S0749569Z,Email exchange with Jun Wei Chen,2023-02-19,Farah Abdullah / National Youth Council (NYC),farah.abdullah@gov.sg,Discussed social entrepreneurship initiatives. Action items noted.
S1851004L,Phone call with Emily Zhang,2024-02-13,Jason Ong / National Youth Council (NYC),jason.ong@gov.sg,Discussed sports & wellness initiatives. Action items noted.
S7621426J,Virtual meeting with Ethan Lee,2023-10-13,Jason Ong / People's Association (PA),jason.ong@gov.sg,Discussed innovation & technology initiatives. Follow-up scheduled.
T9615247F,Virtual meeting with Jun Wei Kumar,2023-03-24,Michelle Goh / Ministry of Education (MOE),michelle.goh@gov.sg,Discussed climate action initiatives. Positive engagement.
S3190979F,Email exchange with Yi Xuan Chua,2023-05-07,Anita Singh / People's Association (PA),anita.singh@gov.sg,Discussed social entrepreneurship initiatives. Action items noted.
T0412934R,Phone call with Marcus Koh,2023-08-22,"Hafiz Rashid / Ministry of Culture, Community and Youth (MCCY)",hafiz.rashid@gov.sg,Discussed sports & wellness initiatives. Action items noted.
S0541221J,In-person meeting with Yi Xuan Rashid,2025-12-24,Rachel Wong / Ministry of Education (MOE),rachel.wong@gov.sg,Discussed heritage conservation initiatives. Follow-up scheduled.
S3132960R,In-person meeting with Ananya Liu,2024-11-12,Brandon Lee / People's Association (PA),brandon.lee@gov.sg,Discussed sports & wellness initiatives. Positive engagement.
S3875656U,Virtual meeting with Grace Koh,2023-11-01,Sarah Tan / National Youth Council (NYC),sarah.tan@gov.sg,Discussed sustainability initiatives. Follow-up scheduled.
S9089257C,Workshop with Michelle Tan,2024-08-13,Farah Abdullah / Ministry of Education (MOE),farah.abdullah@gov.sg,Discussed racial harmony initiatives. Action items noted.
T9930891X,Workshop with Jasmine Goh,2023-10-06,Farah Abdullah / People's Association (PA),farah.abdullah@gov.sg,Discussed social entrepreneurship initiatives. Action items noted.
S7864386W,In-person meeting with Marcus Rashid,2024-01-21,Wei Ming Koh / Ministry of Education (MOE),wei.ming.koh@gov.sg,Discussed interfaith dialogue initiatives. Referred to partner agency.
S8113783E,Email exchange with Kai Wen Nair,2025-04-27,Siti Aminah / National Youth Council (NYC),siti.aminah@gov.sg,Discussed youth mental health initiatives. Action items noted.
T3067205T,Workshop with Siti Nair,2025-05-14,"Wei Ming Koh / Ministry of Culture, Community and Youth (MCCY)",wei.ming.koh@gov.sg,Discussed digital literacy initiatives. Positive engagement.
S8255408U,Virtual meeting with Ethan Chen,2026-05-23,Sarah Tan / National Youth Council (NYC),sarah.tan@gov.sg,Discussed youth mental health initiatives. Referred to partner agency.
S8250056C,Email exchange with Rachel Wang,2025-11-07,Ahmad Ibrahim / Ministry of Social and Family Development (MSF),ahmad.ibrahim@gov.sg,Discussed sustainability initiatives. Positive engagement.
S3096082G,Email exchange with Sarah Liu,2024-01-26,"Farah Abdullah / Ministry of Culture, Community and Youth (MCCY)",farah.abdullah@gov.sg,Discussed youth mental health initiatives. Referred to partner agency.
T9143327Z,Email exchange with Xin Yi Wong,2024-07-10,Ahmad Ibrahim / Ministry of Education (MOE),ahmad.ibrahim@gov.sg,Discussed social entrepreneurship initiatives. Positive engagement.
S7369023H,Workshop with Ethan Rashid,2024-08-24,Wei Ming Koh / People's Association (PA),wei.ming.koh@gov.sg,Discussed sports & wellness initiatives. Positive engagement.
S3680360R,In-person meeting with Kai Wen Teo,2026-04-24,Siti Aminah / National Youth Council (NYC),siti.aminah@gov.sg,Discussed racial harmony initiatives. Follow-up scheduled.
S8672986J,In-person meeting with Jia Ying Rashid,2026-03-19,Anita Singh / People's Association (PA),anita.singh@gov.sg,Discussed racial harmony initiatives. Positive engagement.
S4782111X,Email exchange with Brandon Ong,2025-10-26,Brandon Lee / People's Association (PA),brandon.lee@gov.sg,Discussed interfaith dialogue initiatives. Follow-up scheduled.
S8821306B,In-person meeting with Brandon Lim,2026-11-06,David Lim / Ministry of Education (MOE),david.lim@gov.sg,Discussed community service initiatives. Action items noted.
S1300258Z,Phone call with Ravi Nair,2023-09-22,Rachel Wong / People's Association (PA),rachel.wong@gov.sg,Discussed sports & wellness initiatives. Referred to partner agency.
S8874126P,In-person meeting with Natalie Tan,2025-03-25,"Farah Abdullah / Ministry of Culture, Community and Youth (MCCY)",farah.abdullah@gov.sg,Discussed interfaith dialogue initiatives. Referred to partner agency.
S1790438D,Email exchange with Jasmine Lim,2024-11-12,Sarah Tan / Ministry of Education (MOE),sarah.tan@gov.sg,Discussed sustainability initiatives. Action items noted.
T0240130L,In-person meeting with Michelle Rashid,2025-04-16,Brandon Lee / People's Association (PA),brandon.lee@gov.sg,Discussed civic participation initiatives. Follow-up scheduled.
S0185623P,Email exchange with Jasmine Ong,2025-01-25,Farah Abdullah / People's Association (PA),farah.abdullah@gov.sg,Discussed interfaith dialogue initiatives. Follow-up scheduled.
T0703400Q,Phone call with Ananya Rashid,2025-03-25,Priya Nair / National Youth Council (NYC),priya.nair@gov.sg,Discussed social entrepreneurship initiatives. Follow-up scheduled.
S8258851M,In-person meeting with Ethan Chen,2026-07-23,David Lim / People's Association (PA),david.lim@gov.sg,Discussed interfaith dialogue initiatives. Positive engagement.
S5104967C,Virtual meeting with Priya Chua,2023-11-22,Wei Ming Koh / National Youth Council (NYC),wei.ming.koh@gov.sg,Discussed volunteerism initiatives. Action items noted.
S7090566M,Workshop with Grace Kumar,2024-09-19,Ahmad Ibrahim / Ministry of Social and Family Development (MSF),ahmad.ibrahim@gov.sg,Discussed racial harmony initiatives. Referred to partner agency.
S5426158Y,Workshop with Hui Min Goh,2026-01-21,"Jason Ong / Ministry of Culture, Community and Youth (MCCY)",jason.ong@gov.sg,Discussed social entrepreneurship initiatives. Referred to partner agency.
T9336533F,Email exchange with Nurul Teo,2023-08-17,Hafiz Rashid / People's Association (PA),hafiz.rashid@gov.sg,Discussed civic participation initiatives. Positive engagement.
S6386526B,In-person meeting with Zhi Hao Singh,2026-03-16,Jason Ong / National Youth Council (NYC),jason.ong@gov.sg,Discussed arts & culture initiatives. Positive engagement.
S0075558D,Workshop with Muhammad Wang,2026-12-22,Anita Singh / National Youth Council (NYC),anita.singh@gov.sg,Discussed youth mental health initiatives. Action items noted.
S7707503W,Email exchange with Ananya Koh,2024-06-16,Siti Aminah / Ministry of Social and Family Development (MSF),siti.aminah@gov.sg,Discussed civic participation initiatives. Positive engagement.
S6991074T,Email exchange with Kai Wen Singh,2024-06-12,"Wei Ming Koh / Ministry of Culture, Community and Youth (MCCY)",wei.ming.koh@gov.sg,Discussed community service initiatives. Action items noted.
S7278300W,In-person meeting with Kai Wen Chen,2024-11-02,"Jason Ong / Ministry of Culture, Community and Youth (MCCY)",jason.ong@gov.sg,Discussed digital literacy initiatives. Action items noted.
S5299728Z,Workshop with Joshua Abdullah,2024-08-11,Rachel Wong / National Youth Council (NYC),rachel.wong@gov.sg,Discussed youth mental health initiatives. Positive engagement.
S6178258Y,Virtual meeting with Priya Koh,2023-03-24,"Michelle Goh / Ministry of Culture, Community and Youth (MCCY)",michelle.goh@gov.sg,Discussed volunteerism initiatives. Referred to partner agency.
T8116112L,Workshop with Ananya Wong,2023-06-19,"Wei Ming Koh / Ministry of Culture, Community and Youth (MCCY)",wei.ming.koh@gov.sg,Discussed interfaith dialogue initiatives. Follow-up scheduled.
S8086758E,Email exchange with Daniel Liu,2026-12-09,Anita Singh / People's Association (PA),anita.singh@gov.sg,Discussed youth mental health initiatives. Action items noted.
S7461680X,Email exchange with Xin Yi Liu,2025-12-16,Priya Nair / Ministry of Education (MOE),priya.nair@gov.sg,Discussed youth mental health initiatives. Follow-up scheduled.
S8997958P,Workshop with Brandon Kumar,2023-02-27,"Jason Ong / Ministry of Culture, Community and Youth (MCCY)",jason.ong@gov.sg,Discussed innovation & technology initiatives. Referred to partner agency.
S7510491C,Virtual meeting with Ravi Kumar,2023-12-21,Brandon Lee / National Youth Council (NYC),brandon.lee@gov.sg,Discussed heritage conservation initiatives. Follow-up scheduled.
S9482626C,Virtual meeting with Daniel Abdullah,2024-12-07,Kenneth Teo / Ministry of Social and Family Development (MSF),kenneth.teo@gov.sg,Discussed social entrepreneurship initiatives. Follow-up scheduled.
S6669890F,Virtual meeting with Brandon Wong,2024-10-08,"Brandon Lee / Ministry of Culture, Community and Youth (MCCY)",brandon.lee@gov.sg,Discussed sustainability initiatives. Referred to partner agency.
S8190448L,In-person meeting with Wei Jie Kumar,2023-06-19,Sarah Tan / People's Association (PA),sarah.tan@gov.sg,Discussed arts & culture initiatives. Action items noted.
S1261653M,Email exchange with Sarah Ng,2024-05-12,Sarah Tan / People's Association (PA),sarah.tan@gov.sg,Discussed innovation & technology initiatives. Action items noted.
T5494545G,In-person meeting with Rachel Rashid,2025-03-24,Jason Ong / Ministry of Education (MOE),jason.ong@gov.sg,Discussed innovation & technology initiatives. Referred to partner agency.
T3390232K,Virtual meeting with Ethan Lee,2023-11-17,Lakshmi Kumar / People's Association (PA),lakshmi.kumar@gov.sg,Discussed interfaith dialogue initiatives. Positive engagement.
S9229592Q,Virtual meeting with Brandon Tan,2023-08-01,Michelle Goh / Ministry of Education (MOE),michelle.goh@gov.sg,Discussed innovation & technology initiatives. Positive engagement.
S6542992Y,Workshop with Yi Xuan Liu,2026-05-16,Sarah Tan / Ministry of Education (MOE),sarah.tan@gov.sg,Discussed racial harmony initiatives. Action items noted.
S3603961Z,Phone call with Xin Yi Kumar,2023-09-22,Farah Abdullah / National Youth Council (NYC),farah.abdullah@gov.sg,Discussed interfaith dialogue initiatives. Action items noted.
S5401308M,Email exchange with Jun Wei Wong,2024-10-15,Anita Singh / People's Association (PA),anita.singh@gov.sg,Discussed interfaith dialogue initiatives. Referred to partner agency.
T5430719F,Phone call with Ryan Goh,2026-03-19,"Jason Ong / Ministry of Culture, Community and Youth (MCCY)",jason.ong@gov.sg,Discussed digital literacy initiatives. Positive engagement.
S5182627Q,Workshop with Ahmad Goh,2025-09-01,"Hafiz Rashid / Ministry of Culture, Community and Youth (MCCY)",hafiz.rashid@gov.sg,Discussed racial harmony initiatives. Action items noted.
S5455349C,Phone call with Natalie Ng,2025-07-21,David Lim / Ministry of Social and Family Development (MSF),david.lim@gov.sg,Discussed heritage conservation initiatives. Referred to partner agency.
T1736911X,Virtual meeting with Rachel Wong,2024-04-15,Michelle Goh / People's Association (PA),michelle.goh@gov.sg,Discussed community service initiatives. Referred to partner agency.
T3288196B,Workshop with Ravi Tan,2024-05-25,Kenneth Teo / People's Association (PA),kenneth.teo@gov.sg,Discussed volunteerism initiatives. Follow-up scheduled.
S6570727U,Workshop with Arjun Zhang,2023-01-24,David Lim / Ministry of Social and Family Development (MSF),david.lim@gov.sg,Discussed sports & wellness initiatives. Referred to partner agency.
S8622965N,Phone call with Xin Yi Kumar,2025-06-05,Kenneth Teo / National Youth Council (NYC),kenneth.teo@gov.sg,Discussed social entrepreneurship initiatives. Referred to partner agency.
S7174825Y,Email exchange with Wei Jie Lee,2023-12-26,David Lim / Ministry of Education (MOE),david.lim@gov.sg,Discussed innovation & technology initiatives. Action items noted.
S5764371W,Workshop with Jasmine Wang,2023-01-21,Kenneth Teo / People's Association (PA),kenneth.teo@gov.sg,Discussed sports & wellness initiatives. Follow-up scheduled.
T3757861G,Workshop with Ryan Kumar,2023-06-01,Lakshmi Kumar / Ministry of Education (MOE),lakshmi.kumar@gov.sg,Discussed innovation & technology initiatives. Follow-up scheduled.
S9867921B,Email exchange with Emily Ng,2023-09-06,Siti Aminah / People's Association (PA),siti.aminah@gov.sg,Discussed youth mental health initiatives. Follow-up scheduled.
S5157016C,Virtual meeting with Yi Xuan Zhang,2024-11-13,Jason Ong / Ministry of Education (MOE),jason.ong@gov.sg,Discussed civic participation initiatives. Positive engagement.
T4525379Q,In-person meeting with Wei Jie Ibrahim,2025-12-09,"Lakshmi Kumar / Ministry of Culture, Community and Youth (MCCY)",lakshmi.kumar@gov.sg,Discussed sustainability initiatives. Positive engagement.
S8965161Q,In-person meeting with Wei Jie Singh,2025-04-12,Wei Ming Koh / National Youth Council (NYC),wei.ming.koh@gov.sg,Discussed interfaith dialogue initiatives. Follow-up scheduled.
S7475305G,Workshop with Brandon Ong,2026-01-02,Jason Ong / Ministry of Social and Family Development (MSF),jason.ong@gov.sg,Discussed racial harmony initiatives. Referred to partner agency.
T8473932W,Email exchange with Ethan Ng,2026-11-21,Sarah Tan / National Youth Council (NYC),sarah.tan@gov.sg,Discussed digital literacy initiatives. Positive engagement.
S9909320A,In-person meeting with Emily Ong,2024-11-22,Lakshmi Kumar / Ministry of Education (MOE),lakshmi.kumar@gov.sg,Discussed sustainability initiatives. Follow-up scheduled.
S0160292F,Workshop with Michelle Lee,2023-06-10,Sarah Tan / Ministry of Education (MOE),sarah.tan@gov.sg,Discussed climate action initiatives. Referred to partner agency.
T2137044Z,Workshop with Priya Lee,2024-12-21,"Wei Ming Koh / Ministry of Culture, Community and Youth (MCCY)",wei.ming.koh@gov.sg,Discussed sports & wellness initiatives. Referred to partner agency.
T0632317B,Email exchange with Jun Wei Tan,2024-09-13,Ahmad Ibrahim / National Youth Council (NYC),ahmad.ibrahim@gov.sg,Discussed youth mental health initiatives. Referred to partner agency.
T7677327W,Workshop with Brandon Koh,2026-12-15,"Jason Ong / Ministry of Culture, Community and Youth (MCCY)",jason.ong@gov.sg,Discussed climate action initiatives. Follow-up scheduled.
S1106844R,Email exchange with Chloe Wong,2026-03-27,"Wei Ming Koh / Ministry of Culture, Community and Youth (MCCY)",wei.ming.koh@gov.sg,Discussed interfaith dialogue initiatives. Positive engagement.
S7936411J,Email exchange with Ethan Liu,2025-08-18,Hafiz Rashid / Ministry of Social and Family Development (MSF),hafiz.rashid@gov.sg,Discussed climate action initiatives. Referred to partner agency.
S3819753F,Email exchange with Marcus Singh,2026-11-21,Jason Ong / National Youth Council (NYC),jason.ong@gov.sg,Discussed climate action initiatives. Referred to partner agency.
S3471547W,Workshop with Ravi Koh,2023-11-02,Ahmad Ibrahim / National Youth Council (NYC),ahmad.ibrahim@gov.sg,Discussed arts & culture initiatives. Follow-up scheduled.
S7182046X,Phone call with Siti Wong,2023-11-19,Ahmad Ibrahim / Ministry of Social and Family Development (MSF),ahmad.ibrahim@gov.sg,Discussed racial harmony initiatives. Positive engagement.
S9867604G,Virtual meeting with Marcus Ibrahim,2026-01-28,"Farah Abdullah / Ministry of Culture, Community and Youth (MCCY)",farah.abdullah@gov.sg,Discussed sustainability initiatives. Follow-up scheduled.
T3252410D,In-person meeting with Brandon Koh,2024-02-16,"Wei Ming Koh / Ministry of Culture, Community and Youth (MCCY)",wei.ming.koh@gov.sg,Discussed civic participation initiatives. Positive engagement.
S4864234L,Phone call with Chloe Chen,2025-03-28,Ahmad Ibrahim / National Youth Council (NYC),ahmad.ibrahim@gov.sg,Discussed arts & culture initiatives. Positive engagement.
S5392232X,Workshop with Emily Ong,2026-01-08,Kenneth Teo / Ministry of Education (MOE),kenneth.teo@gov.sg,Discussed arts & culture initiatives. Referred to partner agency.
T8283019G,Phone call with Siti Liu,2023-12-21,"David Lim / Ministry of Culture, Community and Youth (MCCY)",david.lim@gov.sg,Discussed sustainability initiatives. Follow-up scheduled.
S7843677L,In-person meeting with Daniel Chen,2026-10-12,"Lakshmi Kumar / Ministry of Culture, Community and Youth (MCCY)",lakshmi.kumar@gov.sg,Discussed sports & wellness initiatives. Referred to partner agency.
T9848092Y,Workshop with Michelle Liu,2025-10-09,Ahmad Ibrahim / Ministry of Social and Family Development (MSF),ahmad.ibrahim@gov.sg,Discussed climate action initiatives. Positive engagement.
S0510484Z,Phone call with Brandon Singh,2023-03-23,Rachel Wong / People's Association (PA),rachel.wong@gov.sg,Discussed innovation & technology initiatives. Positive engagement.
S1766733M,Phone call with Natalie Kumar,2023-07-18,"Ahmad Ibrahim / Ministry of Culture, Community and Youth (MCCY)",ahmad.ibrahim@gov.sg,Discussed sustainability initiatives. Follow-up scheduled.
S2542333F,Virtual meeting with Marcus Goh,2024-09-05,Kenneth Teo / National Youth Council (NYC),kenneth.teo@gov.sg,Discussed social entrepreneurship initiatives. Follow-up scheduled.
S4583494J,Email exchange with Nurul Lee,2024-08-25,Ahmad Ibrahim / National Youth Council (NYC),ahmad.ibrahim@gov.sg,Discussed climate action initiatives. Positive engagement.
T0921840A,In-person meeting with Muhammad Chen,2024-06-08,Wei Ming Koh / Ministry of Education (MOE),wei.ming.koh@gov.sg,Discussed heritage conservation initiatives. Action items noted.
S6530754W,Virtual meeting with Natalie Koh,2026-04-17,Jason Ong / Ministry of Education (MOE),jason.ong@gov.sg,Discussed heritage conservation initiatives. Action items noted.
T0420281C,Phone call with Rachel Wang,2026-01-09,Siti Aminah / Ministry of Social and Family Development (MSF),siti.aminah@gov.sg,Discussed volunteerism initiatives. Positive engagement.
S5508169Q,Phone call with Chloe Ng,2025-08-24,"David Lim / Ministry of Culture, Community and Youth (MCCY)",david.lim@gov.sg,Discussed volunteerism initiatives. Follow-up scheduled.
S6703941S,Virtual meeting with Jia Ying Nair,2023-03-07,Ahmad Ibrahim / National Youth Council (NYC),ahmad.ibrahim@gov.sg,Discussed community service initiatives. Follow-up scheduled.
S9370610W,Workshop with Kai Wen Goh,2024-07-22,David Lim / People's Association (PA),david.lim@gov.sg,Discussed sports & wellness initiatives. Referred to partner agency.
T2857241X,In-person meeting with Siti Ibrahim,2023-05-17,Priya Nair / People's Association (PA),priya.nair@gov.sg,Discussed youth mental health initiatives. Positive engagement.
S5317218K,Virtual meeting with Ryan Liu,2024-10-15,Priya Nair / Ministry of Education (MOE),priya.nair@gov.sg,Discussed climate action initiatives. Referred to partner agency.
T6642749E,Email exchange with Natalie Wang,2026-01-07,"Rachel Wong / Ministry of Culture, Community and Youth (MCCY)",rachel.wong@gov.sg,Discussed sustainability initiatives. Referred to partner agency.
S8578606X,Email exchange with Chloe Chen,2024-09-28,Siti Aminah / National Youth Council (NYC),siti.aminah@gov.sg,Discussed civic participation initiatives. Follow-up scheduled.
T4609067F,Phone call with Rachel Tan,2025-08-19,David Lim / National Youth Council (NYC),david.lim@gov.sg,Discussed innovation & technology initiatives. Follow-up scheduled.
S9316632Z,Workshop with Wei Jie Singh,2025-03-24,David Lim / Ministry of Education (MOE),david.lim@gov.sg,Discussed social entrepreneurship initiatives. Follow-up scheduled.
S9707665K,Phone call with Marcus Ng,2026-06-03,Michelle Goh / National Youth Council (NYC),michelle.goh@gov.sg,Discussed arts & culture initiatives. Action items noted.
T4955929E,Workshop with Joshua Kumar,2025-07-25,Brandon Lee / Ministry of Social and Family Development (MSF),brandon.lee@gov.sg,Discussed digital literacy initiatives. Positive engagement.
S6644584Z,Workshop with Michelle Lim,2024-01-05,David Lim / Ministry of Education (MOE),david.lim@gov.sg,Discussed racial harmony initiatives. Follow-up scheduled.
S2372311Z,Phone call with Wei Jie Chua,2023-12-18,"Michelle Goh / Ministry of Culture, Community and Youth (MCCY)",michelle.goh@gov.sg,Discussed social entrepreneurship initiatives. Positive engagement.
T2217720Q,In-person meeting with Marcus Abdullah,2024-09-04,Anita Singh / Ministry of Education (MOE),anita.singh@gov.sg,Discussed racial harmony initiatives. Referred to partner agency.
S6486691B,In-person meeting with Jia Ying Wong,2024-02-09,Jason Ong / People's Association (PA),jason.ong@gov.sg,Discussed racial harmony initiatives. Action items noted.
S1228898J,In-person meeting with Xin Yi Lee,2024-02-12,Rachel Wong / Ministry of Education (MOE),rachel.wong@gov.sg,Discussed climate action initiatives. Action items noted.
S6577076W,Email exchange with Siti Ibrahim,2024-11-23,Hafiz Rashid / Ministry of Education (MOE),hafiz.rashid@gov.sg,Discussed arts & culture initiatives. Referred to partner agency.
S2961168L,Phone call with Muhammad Teo,2024-09-24,Kenneth Teo / People's Association (PA),kenneth.teo@gov.sg,Discussed community service initiatives. Referred to partner agency.
S3227308T,Phone call with Chloe Liu,2023-03-22,Sarah Tan / Ministry of Social and Family Development (MSF),sarah.tan@gov.sg,Discussed sustainability initiatives. Follow-up scheduled.
S5113955X,Email exchange with Michelle Abdullah,2025-11-18,"Priya Nair / Ministry of Culture, Community and Youth (MCCY)",priya.nair@gov.sg,Discussed innovation & technology initiatives. Follow-up scheduled.
S3380498E,In-person meeting with Kai Wen Abdullah,2023-04-22,Wei Ming Koh / Ministry of Social and Family Development (MSF),wei.ming.koh@gov.sg,Discussed community service initiatives. Referred to partner agency.
S3742044P,Workshop with Rachel Wang,2023-06-16,Wei Ming Koh / Ministry of Social and Family Development (MSF),wei.ming.koh@gov.sg,Discussed civic participation initiatives. Follow-up scheduled.
T4514010H,Phone call with Ananya Goh,2023-03-20,Siti Aminah / People's Association (PA),siti.aminah@gov.sg,Discussed youth mental health initiatives. Referred to partner agency.
S6483697X,Phone call with Natalie Singh,2025-09-08,"Ahmad Ibrahim / Ministry of Culture, Community and Youth (MCCY)",ahmad.ibrahim@gov.sg,Discussed social entrepreneurship initiatives. Action items noted.
S9033896C,In-person meeting with Jia Ying Singh,2024-06-07,"Hafiz Rashid / Ministry of Culture, Community and Youth (MCCY)",hafiz.rashid@gov.sg,Discussed innovation & technology initiatives. Positive engagement.
S8617354P,Workshop with Chloe Goh,2023-10-19,Rachel Wong / Ministry of Education (MOE),rachel.wong@gov.sg,Discussed innovation & technology initiatives. Referred to partner agency.
S4774615Z,Virtual meeting with Joshua Ong,2026-09-11,Michelle Goh / People's Association (PA),michelle.goh@gov.sg,Discussed volunteerism initiatives. Positive engagement.
T1277555X,Virtual meeting with Brandon Ong,2023-12-06,"Ahmad Ibrahim / Ministry of Culture, Community and Youth (MCCY)",ahmad.ibrahim@gov.sg,Discussed sustainability initiatives. Referred to partner agency.
S6500759S,Email exchange with Chloe Tan,2023-07-19,Sarah Tan / Ministry of Social and Family Development (MSF),sarah.tan@gov.sg,Discussed racial harmony initiatives. Referred to partner agency.
S8667491L,Virtual meeting with Ravi Koh,2023-08-03,Wei Ming Koh / Ministry of Education (MOE),wei.ming.koh@gov.sg,Discussed heritage conservation initiatives. Referred to partner agency.
T9991205F,In-person meeting with Michelle Ong,2023-03-09,Brandon Lee / Ministry of Education (MOE),brandon.lee@gov.sg,Discussed arts & culture initiatives. Follow-up scheduled.
T1219455U,Email exchange with Chloe Goh,2025-10-04,"Jason Ong / Ministry of Culture, Community and Youth (MCCY)",jason.ong@gov.sg,Discussed innovation & technology initiatives. Action items noted.
T5478684R,In-person meeting with Sarah Ng,2026-12-12,Rachel Wong / National Youth Council (NYC),rachel.wong@gov.sg,Discussed racial harmony initiatives. Referred to partner agency.
S0501277R,Virtual meeting with Ethan Wang,2025-06-24,Priya Nair / National Youth Council (NYC),priya.nair@gov.sg,Discussed digital literacy initiatives. Action items noted.
S8479933T,Phone call with Natalie Goh,2024-08-23,Rachel Wong / People's Association (PA),rachel.wong@gov.sg,Discussed community service initiatives. Follow-up scheduled.
S8225169B,Phone call with Rachel Zhang,2023-03-18,Lakshmi Kumar / Ministry of Social and Family Development (MSF),lakshmi.kumar@gov.sg,Discussed sustainability initiatives. Follow-up scheduled.
S9333031Z,Workshop with Sarah Rashid,2026-11-10,Michelle Goh / Ministry of Social and Family Development (MSF),michelle.goh@gov.sg,Discussed heritage conservation initiatives. Follow-up scheduled.
S6804364Y,Workshop with Muhammad Chen,2024-12-04,Wei Ming Koh / People's Association (PA),wei.ming.koh@gov.sg,Discussed racial harmony initiatives. Referred to partner agency.
S1418447Q,In-person meeting with Natalie Chua,2026-11-03,Brandon Lee / Ministry of Education (MOE),brandon.lee@gov.sg,Discussed climate action initiatives. Referred to partner agency.
S3005603K,Workshop with Ravi Tan,2026-12-09,"Siti Aminah / Ministry of Culture, Community and Youth (MCCY)",siti.aminah@gov.sg,Discussed community service initiatives. Referred to partner agency.
S9834086Z,Email exchange with Marcus Ong,2025-12-28,Jason Ong / Ministry of Education (MOE),jason.ong@gov.sg,Discussed volunteerism initiatives. Referred to partner agency.
S5542586A,Email exchange with Hui Min Teo,2025-07-23,"Ahmad Ibrahim / Ministry of Culture, Community and Youth (MCCY)",ahmad.ibrahim@gov.sg,Discussed social entrepreneurship initiatives. Action items noted.
T7766521W,Workshop with Michelle Ibrahim,2024-02-14,Hafiz Rashid / National Youth Council (NYC),hafiz.rashid@gov.sg,Discussed digital literacy initiatives. Positive engagement.
T9391617E,Virtual meeting with Ahmad Abdullah,2023-03-05,"David Lim / Ministry of Culture, Community and Youth (MCCY)",david.lim@gov.sg,Discussed sports & wellness initiatives. Follow-up scheduled.
S2315266T,Workshop with Siti Chen,2023-09-09,"Rachel Wong / Ministry of Culture, Community and Youth (MCCY)",rachel.wong@gov.sg,Discussed volunteerism initiatives. Action items noted.
S1685270Q,Workshop with Daniel Liu,2024-12-23,"Brandon Lee / Ministry of Culture, Community and Youth (MCCY)",brandon.lee@gov.sg,Discussed interfaith dialogue initiatives. Follow-up scheduled.
S7360550Y,Virtual meeting with Rachel Ong,2023-02-11,Farah Abdullah / People's Association (PA),farah.abdullah@gov.sg,Discussed social entrepreneurship initiatives. Follow-up scheduled.
S1055861A,Virtual meeting with Wei Jie Chua,2024-06-14,Michelle Goh / National Youth Council (NYC),michelle.goh@gov.sg,Discussed digital literacy initiatives. Follow-up scheduled.
S5214134M,In-person meeting with Priya Kumar,2025-11-19,Rachel Wong / Ministry of Education (MOE),rachel.wong@gov.sg,Discussed interfaith dialogue initiatives. Action items noted.
S3893891Q,Phone call with Jasmine Lee,2025-06-23,Sarah Tan / Ministry of Social and Family Development (MSF),sarah.tan@gov.sg,Discussed interfaith dialogue initiatives. Referred to partner agency.
S3957893H,In-person meeting with Chloe Zhang,2026-12-22,Jason Ong / Ministry of Education (MOE),jason.ong@gov.sg,Discussed social entrepreneurship initiatives. Action items noted.
S6783928K,Workshop with Ethan Wong,2026-01-05,Lakshmi Kumar / Ministry of Social and Family Development (MSF),lakshmi.kumar@gov.sg,Discussed youth mental health initiatives. Referred to partner agency.
T0228478W,Phone call with Yi Xuan Koh,2023-08-08,"Michelle Goh / Ministry of Culture, Community and Youth (MCCY)",michelle.goh@gov.sg,Discussed sports & wellness initiatives. Referred to partner agency.
S4246085K,Workshop with Wei Jie Ng,2024-09-09,Priya Nair / Ministry of Social and Family Development (MSF),priya.nair@gov.sg,Discussed racial harmony initiatives. Referred to partner agency.
T0563437G,Workshop with Brandon Tan,2023-03-11,Priya Nair / National Youth Council (NYC),priya.nair@gov.sg,Discussed digital literacy initiatives. Positive engagement.
S5646114F,Email exchange with Hui Min Kumar,2023-04-03,Hafiz Rashid / Ministry of Education (MOE),hafiz.rashid@gov.sg,Discussed volunteerism initiatives. Action items noted.
S2068050F,Phone call with Emily Lim,2026-04-10,"Michelle Goh / Ministry of Culture, Community and Youth (MCCY)",michelle.goh@gov.sg,Discussed climate action initiatives. Follow-up scheduled.
S1544399U,Workshop with Ethan Nair,2025-12-23,"Hafiz Rashid / Ministry of Culture, Community and Youth (MCCY)",hafiz.rashid@gov.sg,Discussed community service initiatives. Positive engagement.
T7973227B,Workshop with Rachel Ng,2025-01-01,Ahmad Ibrahim / People's Association (PA),ahmad.ibrahim@gov.sg,Discussed arts & culture initiatives. Referred to partner agency.
T9937694R,Phone call with Arjun Liu,2023-06-14,"Rachel Wong / Ministry of Culture, Community and Youth (MCCY)",rachel.wong@gov.sg,Discussed digital literacy initiatives. Positive engagement.
S6801322R,In-person meeting with Hui Min Teo,2025-11-16,Jason Ong / National Youth Council (NYC),jason.ong@gov.sg,Discussed volunteerism initiatives. Positive engagement.
S0251270U,Phone call with Muhammad Nair,2025-05-18,Brandon Lee / National Youth Council (NYC),brandon.lee@gov.sg,Discussed sports & wellness initiatives. Referred to partner agency.
S5747180K,Phone call with Ahmad Kumar,2024-10-06,Wei Ming Koh / People's Association (PA),wei.ming.koh@gov.sg,Discussed racial harmony initiatives. Referred to partner agency.
T7356644C,Email exchange with Natalie Tan,2024-01-13,Rachel Wong / National Youth Council (NYC),rachel.wong@gov.sg,Discussed social entrepreneurship initiatives. Referred to partner agency.
S8408703U,In-person meeting with Grace Liu,2023-04-13,Jason Ong / Ministry of Education (MOE),jason.ong@gov.sg,Discussed youth mental health initiatives. Follow-up scheduled.
S8186762E,Email exchange with Wei Jie Wang,2024-11-20,Siti Aminah / Ministry of Education (MOE),siti.aminah@gov.sg,Discussed volunteerism initiatives. Positive engagement.
T0176332Q,Virtual meeting with Joshua Goh,2023-06-19,"Siti Aminah / Ministry of Culture, Community and Youth (MCCY)",siti.aminah@gov.sg,Discussed sports & wellness initiatives. Action items noted.
S8021911T,In-person meeting with Rachel Rashid,2025-11-08,Lakshmi Kumar / People's Association (PA),lakshmi.kumar@gov.sg,Discussed youth mental health initiatives. Referred to partner agency.
S3005120K,Workshop with Sarah Wang,2024-08-28,Lakshmi Kumar / People's Association (PA),lakshmi.kumar@gov.sg,Discussed social entrepreneurship initiatives. Follow-up scheduled.
S1464695K,Virtual meeting with Ananya Zhang,2023-07-11,Wei Ming Koh / Ministry of Education (MOE),wei.ming.koh@gov.sg,Discussed racial harmony initiatives. Action items noted.
S8921016G,Phone call with Ethan Singh,2025-11-19,Lakshmi Kumar / National Youth Council (NYC),lakshmi.kumar@gov.sg,Discussed social entrepreneurship initiatives. Positive engagement.
S9765144M,In-person meeting with Muhammad Koh,2026-06-24,Priya Nair / Ministry of Education (MOE),priya.nair@gov.sg,Discussed digital literacy initiatives. Follow-up scheduled.
S4568682J,Phone call with Joshua Ong,2025-02-12,Wei Ming Koh / Ministry of Education (MOE),wei.ming.koh@gov.sg,Discussed community service initiatives. Referred to partner agency.
S1816362G,Email exchange with Wei Jie Abdullah,2023-12-08,"Rachel Wong / Ministry of Culture, Community and Youth (MCCY)",rachel.wong@gov.sg,Discussed civic participation initiatives. Action items noted.
S4648265M,Phone call with Wei Jie Rashid,2023-02-12,Anita Singh / Ministry of Social and Family Development (MSF),anita.singh@gov.sg,Discussed volunteerism initiatives. Action items noted.
S9480472L,Phone call with Nurul Wang,2023-08-28,Kenneth Teo / People's Association (PA),kenneth.teo@gov.sg,Discussed civic participation initiatives. Follow-up scheduled.
T4313801P,In-person meeting with Ryan Tan,2024-09-08,Wei Ming Koh / People's Association (PA),wei.ming.koh@gov.sg,Discussed arts & culture initiatives. Follow-up scheduled.
T4721110R,Workshop with Joshua Ong,2025-11-10,Sarah Tan / Ministry of Education (MOE),sarah.tan@gov.sg,Discussed sports & wellness initiatives. Positive engagement.
S6983368S,Workshop with Chloe Goh,2025-05-26,Siti Aminah / Ministry of Social and Family Development (MSF),siti.aminah@gov.sg,Discussed civic participation initiatives. Follow-up scheduled.
S8520611J,Email exchange with Kai Wen Ong,2024-05-23,"Anita Singh / Ministry of Culture, Community and Youth (MCCY)",anita.singh@gov.sg,Discussed arts & culture initiatives. Action items noted.
S0940031Y,Phone call with Yi Xuan Ibrahim,2023-01-19,Rachel Wong / People's Association (PA),rachel.wong@gov.sg,Discussed sports & wellness initiatives. Follow-up scheduled.
S2870458N,In-person meeting with Daniel Rashid,2026-11-18,Ahmad Ibrahim / National Youth Council (NYC),ahmad.ibrahim@gov.sg,Discussed arts & culture initiatives. Positive engagement.
T3947639M,Phone call with Ryan Wang,2024-11-27,Lakshmi Kumar / National Youth Council (NYC),lakshmi.kumar@gov.sg,Discussed sustainability initiatives. Follow-up scheduled.
S1023296D,In-person meeting with Ryan Wong,2026-02-09,Anita Singh / People's Association (PA),anita.singh@gov.sg,Discussed climate action initiatives. Action items noted.
S8255353K,Workshop with Kai Wen Chen,2024-06-20,Rachel Wong / Ministry of Education (MOE),rachel.wong@gov.sg,Discussed youth mental health initiatives. Follow-up scheduled.
S2220724F,Phone call with Brandon Lee,2023-08-17,Anita Singh / Ministry of Education (MOE),anita.singh@gov.sg,Discussed innovation & technology initiatives. Positive engagement.
S7278498L,Virtual meeting with Chloe Ibrahim,2023-01-21,Farah Abdullah / People's Association (PA),farah.abdullah@gov.sg,Discussed interfaith dialogue initiatives. Referred to partner agency.
S7643307S,Workshop with Wei Jie Nair,2024-01-22,Wei Ming Koh / Ministry of Social and Family Development (MSF),wei.ming.koh@gov.sg,Discussed digital literacy initiatives. Referred to partner agency.
S3981762C,Workshop with Jun Wei Ong,2024-06-08,"Wei Ming Koh / Ministry of Culture, Community and Youth (MCCY)",wei.ming.koh@gov.sg,Discussed sports & wellness initiatives. Follow-up scheduled.
S2464474B,Workshop with Kai Wen Tan,2024-08-01,Lakshmi Kumar / Ministry of Social and Family Development (MSF),lakshmi.kumar@gov.sg,Discussed volunteerism initiatives. Action items noted.
S3700338G,In-person meeting with Ryan Lee,2025-12-20,Lakshmi Kumar / Ministry of Education (MOE),lakshmi.kumar@gov.sg,Discussed heritage conservation initiatives. Follow-up scheduled.
T8334406M,Workshop with Xin Yi Goh,2025-05-06,Ahmad Ibrahim / People's Association (PA),ahmad.ibrahim@gov.sg,Discussed sports & wellness initiatives. Action items noted.
S9893881T,Virtual meeting with Ananya Abdullah,2023-11-10,Lakshmi Kumar / Ministry of Education (MOE),lakshmi.kumar@gov.sg,Discussed digital literacy initiatives. Positive engagement.
S0366020Y,Workshop with Chloe Chen,2026-11-10,Siti Aminah / People's Association (PA),siti.aminah@gov.sg,Discussed sports & wellness initiatives. Action items noted.
T6654509M,Email exchange with Ahmad Nair,2025-02-17,"Sarah Tan / Ministry of Culture, Community and Youth (MCCY)",sarah.tan@gov.sg,Discussed arts & culture initiatives. Follow-up scheduled.
S9267291S,Workshop with Jun Wei Teo,2026-03-22,Siti Aminah / Ministry of Education (MOE),siti.aminah@gov.sg,Discussed arts & culture initiatives. Referred to partner agency.
S0279247E,Email exchange with Kai Wen Teo,2023-01-28,Anita Singh / Ministry of Social and Family Development (MSF),anita.singh@gov.sg,Discussed racial harmony initiatives. Follow-up scheduled.
S4052625C,Workshop with Hui Min Teo,2025-11-06,Kenneth Teo / People's Association (PA),kenneth.teo@gov.sg,Discussed digital literacy initiatives. Follow-up scheduled.
S0080568Z,In-person meeting with Zhi Hao Chua,2026-07-25,Ahmad Ibrahim / Ministry of Education (MOE),ahmad.ibrahim@gov.sg,Discussed youth mental health initiatives. Positive engagement.
S2876027R,Email exchange with Michelle Koh,2025-01-23,Kenneth Teo / National Youth Council (NYC),kenneth.teo@gov.sg,Discussed community service initiatives. Positive engagement.
S5942133Q,Virtual meeting with Ravi Kumar,2024-03-19,Priya Nair / Ministry of Education (MOE),priya.nair@gov.sg,Discussed community service initiatives. Positive engagement.
T7258643E,Workshop with Brandon Ong,2025-05-18,Sarah Tan / National Youth Council (NYC),sarah.tan@gov.sg,Discussed interfaith dialogue initiatives. Follow-up scheduled.
S6297938K,Email exchange with Chloe Goh,2023-04-21,Farah Abdullah / Ministry of Education (MOE),farah.abdullah@gov.sg,Discussed interfaith dialogue initiatives. Follow-up scheduled.
T7058346Q,Workshop with Xin Yi Lee,2023-05-03,"Jason Ong / Ministry of Culture, Community and Youth (MCCY)",jason.ong@gov.sg,Discussed volunteerism initiatives. Positive engagement.
S0749569Z,In-person meeting with Jun Wei Chen,2025-06-15,Farah Abdullah / Ministry of Social and Family Development (MSF),farah.abdullah@gov.sg,Discussed community service initiatives. Follow-up scheduled.
S1851004L,Virtual meeting with Emily Zhang,2026-12-22,Anita Singh / Ministry of Education (MOE),anita.singh@gov.sg,Discussed sports & wellness initiatives. Action items noted.
S7621426J,In-person meeting with Ethan Lee,2026-03-13,Wei Ming Koh / National Youth Council (NYC),wei.ming.koh@gov.sg,Discussed heritage conservation initiatives. Follow-up scheduled.
T9615247F,Virtual meeting with Jun Wei Kumar,2023-11-18,Wei Ming Koh / People's Association (PA),wei.ming.koh@gov.sg,Discussed community service initiatives. Action items noted.
S3190979F,Workshop with Yi Xuan Chua,2023-09-24,"Farah Abdullah / Ministry of Culture, Community and Youth (MCCY)",farah.abdullah@gov.sg,Discussed arts & culture initiatives. Referred to partner agency.
T0412934R,Workshop with Marcus Koh,2026-09-10,Priya Nair / Ministry of Social and Family Development (MSF),priya.nair@gov.sg,Discussed innovation & technology initiatives. Action items noted.
S0541221J,Phone call with Yi Xuan Rashid,2026-11-24,Brandon Lee / People's Association (PA),brandon.lee@gov.sg,Discussed racial harmony initiatives. Action items noted.
S3132960R,Phone call with Ananya Liu,2026-11-07,Michelle Goh / People's Association (PA),michelle.goh@gov.sg,Discussed racial harmony initiatives. Positive engagement.
S3875656U,In-person meeting with Grace Koh,2023-09-02,Brandon Lee / Ministry of Education (MOE),brandon.lee@gov.sg,Discussed innovation & technology initiatives. Referred to partner agency.
S9089257C,Workshop with Michelle Tan,2025-05-17,Sarah Tan / People's Association (PA),sarah.tan@gov.sg,Discussed social entrepreneurship initiatives. Action items noted.
T9930891X,In-person meeting with Jasmine Goh,2025-06-28,Sarah Tan / National Youth Council (NYC),sarah.tan@gov.sg,Discussed civic participation initiatives. Action items noted.
S7864386W,Workshop with Marcus Rashid,2026-10-24,Siti Aminah / National Youth Council (NYC),siti.aminah@gov.sg,Discussed climate action initiatives. Follow-up scheduled.
S8113783E,Phone call with Kai Wen Nair,2025-07-06,Sarah Tan / People's Association (PA),sarah.tan@gov.sg,Discussed climate action initiatives. Referred to partner agency.
T3067205T,Email exchange with Siti Nair,2025-02-25,"Rachel Wong / Ministry of Culture, Community and Youth (MCCY)",rachel.wong@gov.sg,Discussed community service initiatives. Positive engagement.
S8255408U,Email exchange with Ethan Chen,2026-02-12,Priya Nair / National Youth Council (NYC),priya.nair@gov.sg,Discussed civic participation initiatives. Action items noted.
S8250056C,Workshop with Rachel Wang,2025-12-26,Ahmad Ibrahim / National Youth Council (NYC),ahmad.ibrahim@gov.sg,Discussed arts & culture initiatives. Follow-up scheduled.
S3096082G,In-person meeting with Sarah Liu,2023-02-18,Ahmad Ibrahim / People's Association (PA),ahmad.ibrahim@gov.sg,Discussed community service initiatives. Referred to partner agency.
T9143327Z,In-person meeting with Xin Yi Wong,2023-08-10,Siti Aminah / National Youth Council (NYC),siti.aminah@gov.sg,Discussed youth mental health initiatives. Referred to partner agency.
S7369023H,Workshop with Ethan Rashid,2023-11-16,Lakshmi Kumar / Ministry of Education (MOE),lakshmi.kumar@gov.sg,Discussed social entrepreneurship initiatives. Action items noted.
S3680360R,In-person meeting with Kai Wen Teo,2024-03-10,Lakshmi Kumar / National Youth Council (NYC),lakshmi.kumar@gov.sg,Discussed volunteerism initiatives. Follow-up scheduled.
S8672986J,Workshop with Jia Ying Rashid,2026-08-19,Kenneth Teo / Ministry of Education (MOE),kenneth.teo@gov.sg,Discussed innovation & technology initiatives. Referred to partner agency.
S4782111X,Workshop with Brandon Ong,2025-10-12,Wei Ming Koh / National Youth Council (NYC),wei.ming.koh@gov.sg,Discussed civic participation initiatives. Positive engagement.
S8821306B,Phone call with Brandon Lim,2025-03-14,"Hafiz Rashid / Ministry of Culture, Community and Youth (MCCY)",hafiz.rashid@gov.sg,Discussed heritage conservation initiatives. Positive engagement.
S1300258Z,Virtual meeting with Ravi Nair,2026-01-17,Farah Abdullah / People's Association (PA),farah.abdullah@gov.sg,Discussed community service initiatives. Positive engagement.
S8874126P,In-person meeting with Natalie Tan,2023-03-11,Wei Ming Koh / Ministry of Education (MOE),wei.ming.koh@gov.sg,Discussed sports & wellness initiatives. Referred to partner agency.
S1790438D,Workshop with Jasmine Lim,2023-03-19,Michelle Goh / People's Association (PA),michelle.goh@gov.sg,Discussed volunteerism initiatives. Action items noted.
T0240130L,Phone call with Michelle Rashid,2023-07-18,Ahmad Ibrahim / People's Association (PA),ahmad.ibrahim@gov.sg,Discussed interfaith dialogue initiatives. Positive engagement.
S0185623P,In-person meeting with Jasmine Ong,2026-12-18,Anita Singh / People's Association (PA),anita.singh@gov.sg,Discussed community service initiatives. Follow-up scheduled.
T0703400Q,Virtual meeting with Ananya Rashid,2026-07-07,Rachel Wong / National Youth Council (NYC),rachel.wong@gov.sg,Discussed sustainability initiatives. Follow-up scheduled.
S8258851M,In-person meeting with Ethan Chen,2023-10-24,Brandon Lee / National Youth Council (NYC),brandon.lee@gov.sg,Discussed heritage conservation initiatives. Referred to partner agency.
S5104967C,In-person meeting with Priya Chua,2026-12-21,Ahmad Ibrahim / People's Association (PA),ahmad.ibrahim@gov.sg,Discussed digital literacy initiatives. Positive engagement.
S7090566M,Workshop with Grace Kumar,2026-10-09,Siti Aminah / Ministry of Social and Family Development (MSF),siti.aminah@gov.sg,Discussed arts & culture initiatives. Positive engagement.
S5426158Y,In-person meeting with Hui Min Goh,2024-02-01,Priya Nair / Ministry of Social and Family Development (MSF),priya.nair@gov.sg,Discussed civic participation initiatives. Positive engagement.
T9336533F,Email exchange with Nurul Teo,2026-01-28,Rachel Wong / People's Association (PA),rachel.wong@gov.sg,Discussed arts & culture initiatives. Follow-up scheduled.
S6386526B,Email exchange with Zhi Hao Singh,2023-08-19,"Kenneth Teo / Ministry of Culture, Community and Youth (MCCY)",kenneth.teo@gov.sg,Discussed digital literacy initiatives. Action items noted.
S0075558D,Phone call with Muhammad Wang,2026-06-04,Hafiz Rashid / People's Association (PA),hafiz.rashid@gov.sg,Discussed sustainability initiatives. Action items noted.
S7707503W,Virtual meeting with Ananya Koh,2023-09-22,Jason Ong / National Youth Council (NYC),jason.ong@gov.sg,Discussed digital literacy initiatives. Positive engagement.
S6991074T,Virtual meeting with Kai Wen Singh,2024-03-22,"Rachel Wong / Ministry of Culture, Community and Youth (MCCY)",rachel.wong@gov.sg,Discussed arts & culture initiatives. Follow-up scheduled.
S7278300W,In-person meeting with Kai Wen Chen,2026-01-12,Priya Nair / Ministry of Education (MOE),priya.nair@gov.sg,Discussed civic participation initiatives. Positive engagement.
S5299728Z,Workshop with Joshua Abdullah,2026-02-13,Siti Aminah / Ministry of Education (MOE),siti.aminah@gov.sg,Discussed sports & wellness initiatives. Referred to partner agency.
S6178258Y,In-person meeting with Priya Koh,2024-02-18,Anita Singh / Ministry of Social and Family Development (MSF),anita.singh@gov.sg,Discussed heritage conservation initiatives. Referred to partner agency.
T8116112L,Virtual meeting with Ananya Wong,2026-03-17,Lakshmi Kumar / People's Association (PA),lakshmi.kumar@gov.sg,Discussed climate action initiatives. Positive engagement.
S8086758E,Phone call with Daniel Liu,2023-05-26,Rachel Wong / Ministry of Education (MOE),rachel.wong@gov.sg,Discussed digital literacy initiatives. Action items noted.
S7461680X,Virtual meeting with Xin Yi Liu,2025-08-20,Michelle Goh / Ministry of Education (MOE),michelle.goh@gov.sg,Discussed arts & culture initiatives. Positive engagement.
S8997958P,Workshop with Brandon Kumar,2026-05-20,"Michelle Goh / Ministry of Culture, Community and Youth (MCCY)",michelle.goh@gov.sg,Discussed social entrepreneurship initiatives. Referred to partner agency.
S7510491C,Workshop with Ravi Kumar,2024-07-07,Wei Ming Koh / People's Association (PA),wei.ming.koh@gov.sg,Discussed interfaith dialogue initiatives. Follow-up scheduled.
S9482626C,Workshop with Daniel Abdullah,2023-06-14,Jason Ong / Ministry of Social and Family Development (MSF),jason.ong@gov.sg,Discussed innovation & technology initiatives. Follow-up scheduled.
S6669890F,Email exchange with Brandon Wong,2026-11-28,"Wei Ming Koh / Ministry of Culture, Community and Youth (MCCY)",wei.ming.koh@gov.sg,Discussed innovation & technology initiatives. Action items noted.
S8190448L,Workshop with Wei Jie Kumar,2024-05-24,Farah Abdullah / Ministry of Social and Family Development (MSF),farah.abdullah@gov.sg,Discussed heritage conservation initiatives. Follow-up scheduled.
S1261653M,Phone call with Sarah Ng,2025-11-18,Jason Ong / Ministry of Social and Family Development (MSF),jason.ong@gov.sg,Discussed climate action initiatives. Action items noted.
T5494545G,In-person meeting with Rachel Rashid,2025-03-20,Siti Aminah / National Youth Council (NYC),siti.aminah@gov.sg,Discussed digital literacy initiatives. Referred to partner agency.
T3390232K,Email exchange with Ethan Lee,2026-05-27,Kenneth Teo / Ministry of Social and Family Development (MSF),kenneth.teo@gov.sg,Discussed youth mental health initiatives. Follow-up scheduled.
S9229592Q,In-person meeting with Brandon Tan,2025-11-21,Wei Ming Koh / People's Association (PA),wei.ming.koh@gov.sg,Discussed climate action initiatives. Positive engagement.
S6542992Y,Email exchange with Yi Xuan Liu,2025-03-09,"Hafiz Rashid / Ministry of Culture, Community and Youth (MCCY)",hafiz.rashid@gov.sg,Discussed innovation & technology initiatives. Referred to partner agency.
S3603961Z,In-person meeting with Xin Yi Kumar,2023-06-20,Priya Nair / National Youth Council (NYC),priya.nair@gov.sg,Discussed climate action initiatives. Positive engagement.
S5401308M,Virtual meeting with Jun Wei Wong,2025-10-21,Michelle Goh / National Youth Council (NYC),michelle.goh@gov.sg,Discussed volunteerism initiatives. Follow-up scheduled.
T5430719F,Email exchange with Ryan Goh,2025-03-06,Priya Nair / Ministry of Social and Family Development (MSF),priya.nair@gov.sg,Discussed youth mental health initiatives. Referred to partner agency.
S5182627Q,Phone call with Ahmad Goh,2023-04-27,Ahmad Ibrahim / Ministry of Education (MOE),ahmad.ibrahim@gov.sg,Discussed sports & wellness initiatives. Follow-up scheduled.
S5455349C,Workshop with Natalie Ng,2024-07-28,Michelle Goh / National Youth Council (NYC),michelle.goh@gov.sg,Discussed interfaith dialogue initiatives. Follow-up scheduled.
T1736911X,Email exchange with Rachel Wong,2025-06-27,Anita Singh / Ministry of Education (MOE),anita.singh@gov.sg,Discussed digital literacy initiatives. Action items noted.
T3288196B,In-person meeting with Ravi Tan,2024-01-23,Anita Singh / People's Association (PA),anita.singh@gov.sg,Discussed civic participation initiatives. Follow-up scheduled.
S6570727U,Workshop with Arjun Zhang,2023-01-27,Farah Abdullah / People's Association (PA),farah.abdullah@gov.sg,Discussed social entrepreneurship initiatives. Referred to partner agency.
S8622965N,In-person meeting with Xin Yi Kumar,2023-11-24,"Wei Ming Koh / Ministry of Culture, Community and Youth (MCCY)",wei.ming.koh@gov.sg,Discussed climate action initiatives. Action items noted.
S7174825Y,In-person meeting with Wei Jie Lee,2026-10-23,Michelle Goh / Ministry of Social and Family Development (MSF),michelle.goh@gov.sg,Discussed digital literacy initiatives. Positive engagement.
S5764371W,Phone call with Jasmine Wang,2023-06-17,Lakshmi Kumar / Ministry of Social and Family Development (MSF),lakshmi.kumar@gov.sg,Discussed social entrepreneurship initiatives. Referred to partner agency.
T3757861G,Virtual meeting with Ryan Kumar,2025-12-20,Jason Ong / National Youth Council (NYC),jason.ong@gov.sg,Discussed digital literacy initiatives. Follow-up scheduled.
S9867921B,Email exchange with Emily Ng,2025-08-26,"Farah Abdullah / Ministry of Culture, Community and Youth (MCCY)",farah.abdullah@gov.sg,Discussed sustainability initiatives. Positive engagement.
S5157016C,Workshop with Yi Xuan Zhang,2023-07-24,"Michelle Goh / Ministry of Culture, Community and Youth (MCCY)",michelle.goh@gov.sg,Discussed innovation & technology initiatives. Action items noted.
T4525379Q,Workshop with Wei Jie Ibrahim,2025-01-13,Wei Ming Koh / Ministry of Social and Family Development (MSF),wei.ming.koh@gov.sg,Discussed volunteerism initiatives. Follow-up scheduled.
S8965161Q,In-person meeting with Wei Jie Singh,2025-07-26,"Jason Ong / Ministry of Culture, Community and Youth (MCCY)",jason.ong@gov.sg,Discussed volunteerism initiatives. Referred to partner agency.
S7475305G,In-person meeting with Brandon Ong,2024-05-04,David Lim / People's Association (PA),david.lim@gov.sg,Discussed interfaith dialogue initiatives. Follow-up scheduled.
T8473932W,Email exchange with Ethan Ng,2023-09-19,Hafiz Rashid / Ministry of Education (MOE),hafiz.rashid@gov.sg,Discussed civic participation initiatives. Positive engagement.
S9909320A,Virtual meeting with Emily Ong,2023-03-04,"Hafiz Rashid / Ministry of Culture, Community and Youth (MCCY)",hafiz.rashid@gov.sg,Discussed arts & culture initiatives. Follow-up scheduled.
S0160292F,Email exchange with Michelle Lee,2023-02-28,Anita Singh / Ministry of Education (MOE),anita.singh@gov.sg,Discussed interfaith dialogue initiatives. Action items noted.
T2137044Z,Workshop with Priya Lee,2023-02-05,Anita Singh / People's Association (PA),anita.singh@gov.sg,Discussed sustainability initiatives. Follow-up scheduled.
T0632317B,Virtual meeting with Jun Wei Tan,2023-09-24,Sarah Tan / People's Association (PA),sarah.tan@gov.sg,Discussed civic participation initiatives. Action items noted.
T7677327W,Email exchange with Brandon Koh,2024-03-02,David Lim / Ministry of Social and Family Development (MSF),david.lim@gov.sg,Discussed civic participation initiatives. Action items noted.
S1106844R,Phone call with Chloe Wong,2026-07-01,Priya Nair / Ministry of Social and Family Development (MSF),priya.nair@gov.sg,Discussed youth mental health initiatives. Positive engagement.
S7936411J,Virtual meeting with Ethan Liu,2026-05-08,"Brandon Lee / Ministry of Culture, Community and Youth (MCCY)",brandon.lee@gov.sg,Discussed arts & culture initiatives. Follow-up scheduled.
S3819753F,Workshop with Marcus Singh,2024-06-01,Ahmad Ibrahim / People's Association (PA),ahmad.ibrahim@gov.sg,Discussed youth mental health initiatives. Action items noted.
S3471547W,Email exchange with Ravi Koh,2026-02-15,Michelle Goh / Ministry of Social and Family Development (MSF),michelle.goh@gov.sg,Discussed racial harmony initiatives. Follow-up scheduled.
S7182046X,Virtual meeting with Siti Wong,2023-09-18,Michelle Goh / National Youth Council (NYC),michelle.goh@gov.sg,Discussed community service initiatives. Positive engagement.
S9867604G,Email exchange with Marcus Ibrahim,2025-05-05,Sarah Tan / National Youth Council (NYC),sarah.tan@gov.sg,Discussed innovation & technology initiatives. Referred to partner agency.
T3252410D,In-person meeting with Brandon Koh,2025-07-08,"Brandon Lee / Ministry of Culture, Community and Youth (MCCY)",brandon.lee@gov.sg,Discussed arts & culture initiatives. Action items noted.
S4864234L,Workshop with Chloe Chen,2024-02-18,Wei Ming Koh / Ministry of Education (MOE),wei.ming.koh@gov.sg,Discussed heritage conservation initiatives. Follow-up scheduled.
S5392232X,In-person meeting with Emily Ong,2026-04-19,Hafiz Rashid / National Youth Council (NYC),hafiz.rashid@gov.sg,Discussed arts & culture initiatives. Positive engagement.
T8283019G,Phone call with Siti Liu,2024-05-09,"Farah Abdullah / Ministry of Culture, Community and Youth (MCCY)",farah.abdullah@gov.sg,Discussed climate action initiatives. Positive engagement.
S7843677L,Email exchange with Daniel Chen,2025-05-12,Sarah Tan / People's Association (PA),sarah.tan@gov.sg,Discussed digital literacy initiatives. Positive engagement.
T9848092Y,Email exchange with Michelle Liu,2026-07-15,Lakshmi Kumar / National Youth Council (NYC),lakshmi.kumar@gov.sg,Discussed social entrepreneurship initiatives. Referred to partner agency.
S0510484Z,Email exchange with Brandon Singh,2024-09-18,Michelle Goh / Ministry of Social and Family Development (MSF),michelle.goh@gov.sg,Discussed social entrepreneurship initiatives. Action items noted.
S1766733M,Phone call with Natalie Kumar,2026-08-19,Rachel Wong / Ministry of Education (MOE),rachel.wong@gov.sg,Discussed civic participation initiatives. Referred to partner agency.
S2542333F,In-person meeting with Marcus Goh,2026-09-17,Brandon Lee / People's Association (PA),brandon.lee@gov.sg,Discussed climate action initiatives. Action items noted.
S4583494J,Virtual meeting with Nurul Lee,2026-11-11,Hafiz Rashid / Ministry of Education (MOE),hafiz.rashid@gov.sg,Discussed interfaith dialogue initiatives. Follow-up scheduled.
T0921840A,Virtual meeting with Muhammad Chen,2026-10-24,David Lim / National Youth Council (NYC),david.lim@gov.sg,Discussed social entrepreneurship initiatives. Action items noted.
S6530754W,Workshop with Natalie Koh,2024-03-19,Sarah Tan / Ministry of Education (MOE),sarah.tan@gov.sg,Discussed climate action initiatives. Follow-up scheduled.
T0420281C,Workshop with Rachel Wang,2026-03-25,Anita Singh / People's Association (PA),anita.singh@gov.sg,Discussed climate action initiatives. Action items noted.
S5508169Q,In-person meeting with Chloe Ng,2024-08-18,Anita Singh / Ministry of Education (MOE),anita.singh@gov.sg,Discussed arts & culture initiatives. Referred to partner agency.
S6703941S,Virtual meeting with Jia Ying Nair,2026-05-13,Brandon Lee / Ministry of Social and Family Development (MSF),brandon.lee@gov.sg,Discussed interfaith dialogue initiatives. Follow-up scheduled.
S9370610W,Phone call with Kai Wen Goh,2026-02-21,Ahmad Ibrahim / National Youth Council (NYC),ahmad.ibrahim@gov.sg,Discussed arts & culture initiatives. Referred to partner agency.
T2857241X,Virtual meeting with Siti Ibrahim,2025-04-06,Hafiz Rashid / National Youth Council (NYC),hafiz.rashid@gov.sg,Discussed social entrepreneurship initiatives. Referred to partner agency.
S5317218K,Email exchange with Ryan Liu,2025-12-22,Kenneth Teo / National Youth Council (NYC),kenneth.teo@gov.sg,Discussed social entrepreneurship initiatives. Follow-up scheduled.
T6642749E,Workshop with Natalie Wang,2025-08-10,David Lim / Ministry of Social and Family Development (MSF),david.lim@gov.sg,Discussed civic participation initiatives. Follow-up scheduled.
S8578606X,Phone call with Chloe Chen,2024-09-04,Anita Singh / Ministry of Social and Family Development (MSF),anita.singh@gov.sg,Discussed community service initiatives. Referred to partner agency.
T4609067F,Email exchange with Rachel Tan,2023-01-08,Rachel Wong / Ministry of Social and Family Development (MSF),rachel.wong@gov.sg,Discussed community service initiatives. Action items noted.
S9316632Z,Email exchange with Wei Jie Singh,2024-09-01,Wei Ming Koh / People's Association (PA),wei.ming.koh@gov.sg,Discussed sports & wellness initiatives. Action items noted.
S9707665K,Email exchange with Marcus Ng,2024-04-17,Brandon Lee / National Youth Council (NYC),brandon.lee@gov.sg,Discussed sports & wellness initiatives. Follow-up scheduled.
T4955929E,In-person meeting with Joshua Kumar,2023-06-15,Michelle Goh / Ministry of Social and Family Development (MSF),michelle.goh@gov.sg,Discussed interfaith dialogue initiatives. Action items noted.
S6644584Z,Virtual meeting with Michelle Lim,2024-02-14,Ahmad Ibrahim / National Youth Council (NYC),ahmad.ibrahim@gov.sg,Discussed interfaith dialogue initiatives. Follow-up scheduled.
S2372311Z,Email exchange with Wei Jie Chua,2026-10-18,Michelle Goh / Ministry of Social and Family Development (MSF),michelle.goh@gov.sg,Discussed innovation & technology initiatives. Action items noted.
T2217720Q,Virtual meeting with Marcus Abdullah,2024-08-12,Wei Ming Koh / National Youth Council (NYC),wei.ming.koh@gov.sg,Discussed heritage conservation initiatives. Positive engagement.
S6486691B,Workshop with Jia Ying Wong,2026-07-16,David Lim / National Youth Council (NYC),david.lim@gov.sg,Discussed volunteerism initiatives. Positive engagement.
S1228898J,Virtual meeting with Xin Yi Lee,2025-09-17,Priya Nair / Ministry of Social and Family Development (MSF),priya.nair@gov.sg,Discussed interfaith dialogue initiatives. Referred to partner agency.
S6577076W,In-person meeting with Siti Ibrahim,2024-03-20,David Lim / Ministry of Education (MOE),david.lim@gov.sg,Discussed civic participation initiatives. Positive engagement.
S2961168L,Phone call with Muhammad Teo,2023-04-20,Lakshmi Kumar / People's Association (PA),lakshmi.kumar@gov.sg,Discussed heritage conservation initiatives. Referred to partner agency.
S3227308T,Virtual meeting with Chloe Liu,2024-07-02,Priya Nair / People's Association (PA),priya.nair@gov.sg,Discussed youth mental health initiatives. Follow-up scheduled.
S5113955X,Virtual meeting with Michelle Abdullah,2023-04-16,"Brandon Lee / Ministry of Culture, Community and Youth (MCCY)",brandon.lee@gov.sg,Discussed social entrepreneurship initiatives. Positive engagement.
S3380498E,Email exchange with Kai Wen Abdullah,2024-02-11,Rachel Wong / People's Association (PA),rachel.wong@gov.sg,Discussed racial harmony initiatives. Referred to partner agency.
S3742044P,Virtual meeting with Rachel Wang,2026-08-18,Siti Aminah / National Youth Council (NYC),siti.aminah@gov.sg,Discussed digital literacy initiatives. Referred to partner agency.
T4514010H,Virtual meeting with Ananya Goh,2025-01-25,Kenneth Teo / Ministry of Social and Family Development (MSF),kenneth.teo@gov.sg,Discussed racial harmony initiatives. Positive engagement.
S6483697X,Workshop with Natalie Singh,2023-03-24,"Sarah Tan / Ministry of Culture, Community and Youth (MCCY)",sarah.tan@gov.sg,Discussed heritage conservation initiatives. Action items noted.
S9033896C,Phone call with Jia Ying Singh,2026-04-09,Sarah Tan / National Youth Council (NYC),sarah.tan@gov.sg,Discussed digital literacy initiatives. Referred to partner agency.
S8617354P,Phone call with Chloe Goh,2026-08-09,Brandon Lee / People's Association (PA),brandon.lee@gov.sg,Discussed sports & wellness initiatives. Action items noted.
S4774615Z,Phone call with Joshua Ong,2025-09-21,Hafiz Rashid / Ministry of Education (MOE),hafiz.rashid@gov.sg,Discussed climate action initiatives. Follow-up scheduled.
T1277555X,Workshop with Brandon Ong,2025-09-19,Anita Singh / People's Association (PA),anita.singh@gov.sg,Discussed arts & culture initiatives. Positive engagement.
S6500759S,In-person meeting with Chloe Tan,2025-03-01,Rachel Wong / Ministry of Education (MOE),rachel.wong@gov.sg,Discussed volunteerism initiatives. Positive engagement.
S8667491L,In-person meeting with Ravi Koh,2026-09-02,Ahmad Ibrahim / Ministry of Social and Family Development (MSF),ahmad.ibrahim@gov.sg,Discussed digital literacy initiatives. Referred to partner agency.
T9991205F,Phone call with Michelle Ong,2023-04-23,Jason Ong / Ministry of Social and Family Development (MSF),jason.ong@gov.sg,Discussed digital literacy initiatives. Follow-up scheduled.
T1219455U,Phone call with Chloe Goh,2023-09-25,"Farah Abdullah / Ministry of Culture, Community and Youth (MCCY)",farah.abdullah@gov.sg,Discussed community service initiatives. Positive engagement.
T5478684R,Phone call with Sarah Ng,2023-12-14,Brandon Lee / People's Association (PA),brandon.lee@gov.sg,Discussed climate action initiatives. Follow-up scheduled.
S0501277R,In-person meeting with Ethan Wang,2024-12-03,"Kenneth Teo / Ministry of Culture, Community and Youth (MCCY)",kenneth.teo@gov.sg,Discussed climate action initiatives. Follow-up scheduled.